시간,채널명,시청가구수
2026-06-02 15:42:00,홈앤쇼핑(오늘),2339
2026-06-02 15:42:10,홈앤쇼핑(오늘),2389
2026-06-02 15:42:20,홈앤쇼핑(오늘),2381
2026-06-02 15:42:30,홈앤쇼핑(오늘),2383
2026-06-02 15:42:40,홈앤쇼핑(오늘),2408
2026-06-02 15:42:50,홈앤쇼핑(오늘),2362
2026-06-02 15:43:00,홈앤쇼핑(오늘),2362
2026-06-02 15:43:10,홈앤쇼핑(오늘),2344
2026-06-02 15:43:20,홈앤쇼핑(오늘),2369
2026-06-02 15:43:30,홈앤쇼핑(오늘),2400
2026-06-02 15:43:40,홈앤쇼핑(오늘),2421
2026-06-02 15:43:50,홈앤쇼핑(오늘),2465
2026-06-02 15:44:00,홈앤쇼핑(오늘),2500
2026-06-02 15:44:10,홈앤쇼핑(오늘),2482
2026-06-02 15:44:20,홈앤쇼핑(오늘),2379
2026-06-02 15:44:30,홈앤쇼핑(오늘),2251
2026-06-02 15:44:40,홈앤쇼핑(오늘),2125
2026-06-02 15:44:50,홈앤쇼핑(오늘),2073
2026-06-02 15:45:00,홈앤쇼핑(오늘),2056
2026-06-02 15:45:10,홈앤쇼핑(오늘),2070
2026-06-02 15:45:20,홈앤쇼핑(오늘),2075
2026-06-02 15:45:30,홈앤쇼핑(오늘),2071
2026-06-02 15:45:40,홈앤쇼핑(오늘),2051
2026-06-02 15:45:50,홈앤쇼핑(오늘),2032
2026-06-02 15:46:00,홈앤쇼핑(오늘),1949
2026-06-02 15:46:10,홈앤쇼핑(오늘),1939
2026-06-02 15:46:20,홈앤쇼핑(오늘),1964
2026-06-02 15:46:30,홈앤쇼핑(오늘),1983
2026-06-02 15:46:40,홈앤쇼핑(오늘),1995
2026-06-02 15:46:50,홈앤쇼핑(오늘),2000
2026-06-02 15:47:00,홈앤쇼핑(오늘),2005
2026-06-02 15:47:10,홈앤쇼핑(오늘),2028
2026-06-02 15:47:20,홈앤쇼핑(오늘),2008
2026-06-02 15:47:30,홈앤쇼핑(오늘),2015
2026-06-02 15:47:40,홈앤쇼핑(오늘),2042
2026-06-02 15:47:50,홈앤쇼핑(오늘),2040
2026-06-02 15:48:00,홈앤쇼핑(오늘),2032
2026-06-02 15:48:10,홈앤쇼핑(오늘),2047
2026-06-02 15:48:20,홈앤쇼핑(오늘),2036
2026-06-02 15:48:30,홈앤쇼핑(오늘),2036
2026-06-02 15:48:40,홈앤쇼핑(오늘),2035
2026-06-02 15:48:50,홈앤쇼핑(오늘),2055
2026-06-02 15:49:00,홈앤쇼핑(오늘),2068
2026-06-02 15:49:10,홈앤쇼핑(오늘),2045
2026-06-02 15:49:20,홈앤쇼핑(오늘),2110
2026-06-02 15:49:30,홈앤쇼핑(오늘),2229
2026-06-02 15:49:40,홈앤쇼핑(오늘),2298
2026-06-02 15:49:50,홈앤쇼핑(오늘),2304
2026-06-02 15:50:00,홈앤쇼핑(오늘),2267
2026-06-02 15:50:10,홈앤쇼핑(오늘),2180
2026-06-02 15:50:20,홈앤쇼핑(오늘),2057
2026-06-02 15:50:30,홈앤쇼핑(오늘),2048
2026-06-02 15:50:40,홈앤쇼핑(오늘),2043
2026-06-02 15:50:50,홈앤쇼핑(오늘),2045
2026-06-02 15:51:00,홈앤쇼핑(오늘),2064
2026-06-02 15:51:10,홈앤쇼핑(오늘),2073
2026-06-02 15:51:20,홈앤쇼핑(오늘),2058
2026-06-02 15:51:30,홈앤쇼핑(오늘),2057
2026-06-02 15:51:40,홈앤쇼핑(오늘),2090
2026-06-02 15:51:50,홈앤쇼핑(오늘),2146
2026-06-02 15:52:00,홈앤쇼핑(오늘),2170
2026-06-02 15:52:10,홈앤쇼핑(오늘),2201
2026-06-02 15:52:20,홈앤쇼핑(오늘),2183
2026-06-02 15:52:30,홈앤쇼핑(오늘),2149
2026-06-02 15:52:40,홈앤쇼핑(오늘),2092
2026-06-02 15:52:50,홈앤쇼핑(오늘),2019
2026-06-02 15:53:00,홈앤쇼핑(오늘),2025
2026-06-02 15:53:10,홈앤쇼핑(오늘),2049
2026-06-02 15:53:20,홈앤쇼핑(오늘),2017
2026-06-02 15:53:30,홈앤쇼핑(오늘),2023
2026-06-02 15:53:40,홈앤쇼핑(오늘),2004
2026-06-02 15:53:50,홈앤쇼핑(오늘),2016
2026-06-02 15:54:00,홈앤쇼핑(오늘),2062
2026-06-02 15:54:10,홈앤쇼핑(오늘),2098
2026-06-02 15:54:20,홈앤쇼핑(오늘),2143
2026-06-02 15:54:30,홈앤쇼핑(오늘),2149
2026-06-02 15:54:40,홈앤쇼핑(오늘),2158
2026-06-02 15:54:50,홈앤쇼핑(오늘),2171
2026-06-02 15:55:00,홈앤쇼핑(오늘),2150
2026-06-02 15:55:10,홈앤쇼핑(오늘),2114
2026-06-02 15:55:20,홈앤쇼핑(오늘),2108
2026-06-02 15:55:30,홈앤쇼핑(오늘),2061
2026-06-02 15:55:40,홈앤쇼핑(오늘),2062
2026-06-02 15:55:50,홈앤쇼핑(오늘),2054
2026-06-02 15:56:00,홈앤쇼핑(오늘),2082
2026-06-02 15:56:10,홈앤쇼핑(오늘),2108
2026-06-02 15:56:20,홈앤쇼핑(오늘),2130
2026-06-02 15:56:30,홈앤쇼핑(오늘),2194
2026-06-02 15:56:40,홈앤쇼핑(오늘),2236
2026-06-02 15:56:50,홈앤쇼핑(오늘),2285
2026-06-02 15:57:00,홈앤쇼핑(오늘),2252
2026-06-02 15:57:10,홈앤쇼핑(오늘),2233
2026-06-02 15:57:20,홈앤쇼핑(오늘),2209
2026-06-02 15:57:30,홈앤쇼핑(오늘),2203
2026-06-02 15:57:40,홈앤쇼핑(오늘),2206
2026-06-02 15:57:50,홈앤쇼핑(오늘),2235
2026-06-02 15:58:00,홈앤쇼핑(오늘),2270
2026-06-02 15:58:10,홈앤쇼핑(오늘),2277
2026-06-02 15:58:20,홈앤쇼핑(오늘),2300
2026-06-02 15:58:30,홈앤쇼핑(오늘),2270
2026-06-02 15:58:40,홈앤쇼핑(오늘),2294
2026-06-02 15:58:50,홈앤쇼핑(오늘),2337
2026-06-02 15:59:00,홈앤쇼핑(오늘),2442
2026-06-02 15:59:10,홈앤쇼핑(오늘),2473
2026-06-02 15:59:20,홈앤쇼핑(오늘),2495
2026-06-02 15:59:30,홈앤쇼핑(오늘),2494
2026-06-02 15:59:40,홈앤쇼핑(오늘),2474
2026-06-02 15:59:50,홈앤쇼핑(오늘),2453
2026-06-02 16:00:00,홈앤쇼핑(오늘),2426
2026-06-02 16:00:10,홈앤쇼핑(오늘),2340
2026-06-02 16:00:20,홈앤쇼핑(오늘),2251
2026-06-02 16:00:30,홈앤쇼핑(오늘),2175
2026-06-02 16:00:40,홈앤쇼핑(오늘),2083
2026-06-02 16:00:50,홈앤쇼핑(오늘),1996
2026-06-02 16:01:00,홈앤쇼핑(오늘),1920
2026-06-02 16:01:10,홈앤쇼핑(오늘),1943
2026-06-02 16:01:20,홈앤쇼핑(오늘),1971
2026-06-02 16:01:30,홈앤쇼핑(오늘),2037
2026-06-02 16:01:40,홈앤쇼핑(오늘),2030
2026-06-02 16:01:50,홈앤쇼핑(오늘),2042
2026-06-02 16:02:00,홈앤쇼핑(오늘),1966
2026-06-02 16:02:10,홈앤쇼핑(오늘),1962
2026-06-02 16:02:20,홈앤쇼핑(오늘),1996
2026-06-02 16:02:30,홈앤쇼핑(오늘),2035
2026-06-02 16:02:40,홈앤쇼핑(오늘),2067
2026-06-02 16:02:50,홈앤쇼핑(오늘),2077
2026-06-02 16:03:00,홈앤쇼핑(오늘),2073
2026-06-02 16:03:10,홈앤쇼핑(오늘),2078
2026-06-02 15:42:00,홈앤쇼핑(어제),867
2026-06-02 15:42:10,홈앤쇼핑(어제),856
2026-06-02 15:42:20,홈앤쇼핑(어제),858
2026-06-02 15:42:30,홈앤쇼핑(어제),844
2026-06-02 15:42:40,홈앤쇼핑(어제),838
2026-06-02 15:42:50,홈앤쇼핑(어제),841
2026-06-02 15:43:00,홈앤쇼핑(어제),846
2026-06-02 15:43:10,홈앤쇼핑(어제),857
2026-06-02 15:43:20,홈앤쇼핑(어제),887
2026-06-02 15:43:30,홈앤쇼핑(어제),894
2026-06-02 15:43:40,홈앤쇼핑(어제),898
2026-06-02 15:43:50,홈앤쇼핑(어제),915
2026-06-02 15:44:00,홈앤쇼핑(어제),917
2026-06-02 15:44:10,홈앤쇼핑(어제),920
2026-06-02 15:44:20,홈앤쇼핑(어제),936
2026-06-02 15:44:30,홈앤쇼핑(어제),962
2026-06-02 15:44:40,홈앤쇼핑(어제),965
2026-06-02 15:44:50,홈앤쇼핑(어제),957
2026-06-02 15:45:00,홈앤쇼핑(어제),933
2026-06-02 15:45:10,홈앤쇼핑(어제),903
2026-06-02 15:45:20,홈앤쇼핑(어제),886
2026-06-02 15:45:30,홈앤쇼핑(어제),886
2026-06-02 15:45:40,홈앤쇼핑(어제),910
2026-06-02 15:45:50,홈앤쇼핑(어제),920
2026-06-02 15:46:00,홈앤쇼핑(어제),895
2026-06-02 15:46:10,홈앤쇼핑(어제),881
2026-06-02 15:46:20,홈앤쇼핑(어제),884
2026-06-02 15:46:30,홈앤쇼핑(어제),877
2026-06-02 15:46:40,홈앤쇼핑(어제),876
2026-06-02 15:46:50,홈앤쇼핑(어제),909
2026-06-02 15:47:00,홈앤쇼핑(어제),938
2026-06-02 15:47:10,홈앤쇼핑(어제),946
2026-06-02 15:47:20,홈앤쇼핑(어제),936
2026-06-02 15:47:30,홈앤쇼핑(어제),914
2026-06-02 15:47:40,홈앤쇼핑(어제),900
2026-06-02 15:47:50,홈앤쇼핑(어제),877
2026-06-02 15:48:00,홈앤쇼핑(어제),847
2026-06-02 15:48:10,홈앤쇼핑(어제),849
2026-06-02 15:48:20,홈앤쇼핑(어제),844
2026-06-02 15:48:30,홈앤쇼핑(어제),863
2026-06-02 15:48:40,홈앤쇼핑(어제),857
2026-06-02 15:48:50,홈앤쇼핑(어제),864
2026-06-02 15:49:00,홈앤쇼핑(어제),851
2026-06-02 15:49:10,홈앤쇼핑(어제),848
2026-06-02 15:49:20,홈앤쇼핑(어제),859
2026-06-02 15:49:30,홈앤쇼핑(어제),849
2026-06-02 15:49:40,홈앤쇼핑(어제),838
2026-06-02 15:49:50,홈앤쇼핑(어제),831
2026-06-02 15:50:00,홈앤쇼핑(어제),837
2026-06-02 15:50:10,홈앤쇼핑(어제),835
2026-06-02 15:50:20,홈앤쇼핑(어제),850
2026-06-02 15:50:30,홈앤쇼핑(어제),873
2026-06-02 15:50:40,홈앤쇼핑(어제),910
2026-06-02 15:50:50,홈앤쇼핑(어제),918
2026-06-02 15:51:00,홈앤쇼핑(어제),886
2026-06-02 15:51:10,홈앤쇼핑(어제),873
2026-06-02 15:51:20,홈앤쇼핑(어제),855
2026-06-02 15:51:30,홈앤쇼핑(어제),866
2026-06-02 15:51:40,홈앤쇼핑(어제),878
2026-06-02 15:51:50,홈앤쇼핑(어제),855
2026-06-02 15:52:00,홈앤쇼핑(어제),847
2026-06-02 15:52:10,홈앤쇼핑(어제),829
2026-06-02 15:52:20,홈앤쇼핑(어제),821
2026-06-02 15:52:30,홈앤쇼핑(어제),808
2026-06-02 15:52:40,홈앤쇼핑(어제),802
2026-06-02 15:52:50,홈앤쇼핑(어제),809
2026-06-02 15:53:00,홈앤쇼핑(어제),811
2026-06-02 15:53:10,홈앤쇼핑(어제),801
2026-06-02 15:53:20,홈앤쇼핑(어제),810
2026-06-02 15:53:30,홈앤쇼핑(어제),791
2026-06-02 15:53:40,홈앤쇼핑(어제),803
2026-06-02 15:53:50,홈앤쇼핑(어제),799
2026-06-02 15:54:00,홈앤쇼핑(어제),799
2026-06-02 15:54:10,홈앤쇼핑(어제),806
2026-06-02 15:54:20,홈앤쇼핑(어제),817
2026-06-02 15:54:30,홈앤쇼핑(어제),826
2026-06-02 15:54:40,홈앤쇼핑(어제),850
2026-06-02 15:54:50,홈앤쇼핑(어제),850
2026-06-02 15:55:00,홈앤쇼핑(어제),854
2026-06-02 15:55:10,홈앤쇼핑(어제),854
2026-06-02 15:55:20,홈앤쇼핑(어제),871
2026-06-02 15:55:30,홈앤쇼핑(어제),871
2026-06-02 15:55:40,홈앤쇼핑(어제),852
2026-06-02 15:55:50,홈앤쇼핑(어제),845
2026-06-02 15:56:00,홈앤쇼핑(어제),829
2026-06-02 15:56:10,홈앤쇼핑(어제),829
2026-06-02 15:56:20,홈앤쇼핑(어제),826
2026-06-02 15:56:30,홈앤쇼핑(어제),818
2026-06-02 15:56:40,홈앤쇼핑(어제),816
2026-06-02 15:56:50,홈앤쇼핑(어제),804
2026-06-02 15:57:00,홈앤쇼핑(어제),818
2026-06-02 15:57:10,홈앤쇼핑(어제),820
2026-06-02 15:57:20,홈앤쇼핑(어제),813
2026-06-02 15:57:30,홈앤쇼핑(어제),819
2026-06-02 15:57:40,홈앤쇼핑(어제),823
2026-06-02 15:57:50,홈앤쇼핑(어제),804
2026-06-02 15:58:00,홈앤쇼핑(어제),809
2026-06-02 15:58:10,홈앤쇼핑(어제),813
2026-06-02 15:58:20,홈앤쇼핑(어제),819
2026-06-02 15:58:30,홈앤쇼핑(어제),821
2026-06-02 15:58:40,홈앤쇼핑(어제),813
2026-06-02 15:58:50,홈앤쇼핑(어제),810
2026-06-02 15:59:00,홈앤쇼핑(어제),829
2026-06-02 15:59:10,홈앤쇼핑(어제),826
2026-06-02 15:59:20,홈앤쇼핑(어제),834
2026-06-02 15:59:30,홈앤쇼핑(어제),861
2026-06-02 15:59:40,홈앤쇼핑(어제),874
2026-06-02 15:59:50,홈앤쇼핑(어제),911
2026-06-02 16:00:00,홈앤쇼핑(어제),935
2026-06-02 16:00:10,홈앤쇼핑(어제),947
2026-06-02 16:00:20,홈앤쇼핑(어제),938
2026-06-02 16:00:30,홈앤쇼핑(어제),938
2026-06-02 16:00:40,홈앤쇼핑(어제),947
2026-06-02 16:00:50,홈앤쇼핑(어제),940
2026-06-02 16:01:00,홈앤쇼핑(어제),902
2026-06-02 16:01:10,홈앤쇼핑(어제),896
2026-06-02 16:01:20,홈앤쇼핑(어제),891
2026-06-02 16:01:30,홈앤쇼핑(어제),904
2026-06-02 16:01:40,홈앤쇼핑(어제),907
2026-06-02 16:01:50,홈앤쇼핑(어제),927
2026-06-02 16:02:00,홈앤쇼핑(어제),924
2026-06-02 16:02:10,홈앤쇼핑(어제),921
2026-06-02 16:02:20,홈앤쇼핑(어제),956
2026-06-02 16:02:30,홈앤쇼핑(어제),960
2026-06-02 16:02:40,홈앤쇼핑(어제),964
2026-06-02 16:02:50,홈앤쇼핑(어제),916
2026-06-02 16:03:00,홈앤쇼핑(어제),870
2026-06-02 16:03:10,홈앤쇼핑(어제),858
2026-06-02 15:42:00,홈앤쇼핑(지난주),1378
2026-06-02 15:42:10,홈앤쇼핑(지난주),1396
2026-06-02 15:42:20,홈앤쇼핑(지난주),1410
2026-06-02 15:42:30,홈앤쇼핑(지난주),1391
2026-06-02 15:42:40,홈앤쇼핑(지난주),1381
2026-06-02 15:42:50,홈앤쇼핑(지난주),1380
2026-06-02 15:43:00,홈앤쇼핑(지난주),1331
2026-06-02 15:43:10,홈앤쇼핑(지난주),1274
2026-06-02 15:43:20,홈앤쇼핑(지난주),1283
2026-06-02 15:43:30,홈앤쇼핑(지난주),1315
2026-06-02 15:43:40,홈앤쇼핑(지난주),1354
2026-06-02 15:43:50,홈앤쇼핑(지난주),1401
2026-06-02 15:44:00,홈앤쇼핑(지난주),1419
2026-06-02 15:44:10,홈앤쇼핑(지난주),1434
2026-06-02 15:44:20,홈앤쇼핑(지난주),1458
2026-06-02 15:44:30,홈앤쇼핑(지난주),1429
2026-06-02 15:44:40,홈앤쇼핑(지난주),1365
2026-06-02 15:44:50,홈앤쇼핑(지난주),1343
2026-06-02 15:45:00,홈앤쇼핑(지난주),1357
2026-06-02 15:45:10,홈앤쇼핑(지난주),1404
2026-06-02 15:45:20,홈앤쇼핑(지난주),1466
2026-06-02 15:45:30,홈앤쇼핑(지난주),1512
2026-06-02 15:45:40,홈앤쇼핑(지난주),1510
2026-06-02 15:45:50,홈앤쇼핑(지난주),1451
2026-06-02 15:46:00,홈앤쇼핑(지난주),1398
2026-06-02 15:46:10,홈앤쇼핑(지난주),1325
2026-06-02 15:46:20,홈앤쇼핑(지난주),1354
2026-06-02 15:46:30,홈앤쇼핑(지난주),1383
2026-06-02 15:46:40,홈앤쇼핑(지난주),1433
2026-06-02 15:46:50,홈앤쇼핑(지난주),1438
2026-06-02 15:47:00,홈앤쇼핑(지난주),1386
2026-06-02 15:47:10,홈앤쇼핑(지난주),1336
2026-06-02 15:47:20,홈앤쇼핑(지난주),1332
2026-06-02 15:47:30,홈앤쇼핑(지난주),1340
2026-06-02 15:47:40,홈앤쇼핑(지난주),1344
2026-06-02 15:47:50,홈앤쇼핑(지난주),1373
2026-06-02 15:48:00,홈앤쇼핑(지난주),1365
2026-06-02 15:48:10,홈앤쇼핑(지난주),1338
2026-06-02 15:48:20,홈앤쇼핑(지난주),1333
2026-06-02 15:48:30,홈앤쇼핑(지난주),1370
2026-06-02 15:48:40,홈앤쇼핑(지난주),1410
2026-06-02 15:48:50,홈앤쇼핑(지난주),1431
2026-06-02 15:49:00,홈앤쇼핑(지난주),1422
2026-06-02 15:49:10,홈앤쇼핑(지난주),1411
2026-06-02 15:49:20,홈앤쇼핑(지난주),1445
2026-06-02 15:49:30,홈앤쇼핑(지난주),1494
2026-06-02 15:49:40,홈앤쇼핑(지난주),1537
2026-06-02 15:49:50,홈앤쇼핑(지난주),1534
2026-06-02 15:50:00,홈앤쇼핑(지난주),1509
2026-06-02 15:50:10,홈앤쇼핑(지난주),1483
2026-06-02 15:50:20,홈앤쇼핑(지난주),1438
2026-06-02 15:50:30,홈앤쇼핑(지난주),1380
2026-06-02 15:50:40,홈앤쇼핑(지난주),1421
2026-06-02 15:50:50,홈앤쇼핑(지난주),1450
2026-06-02 15:51:00,홈앤쇼핑(지난주),1441
2026-06-02 15:51:10,홈앤쇼핑(지난주),1413
2026-06-02 15:51:20,홈앤쇼핑(지난주),1465
2026-06-02 15:51:30,홈앤쇼핑(지난주),1569
2026-06-02 15:51:40,홈앤쇼핑(지난주),1722
2026-06-02 15:51:50,홈앤쇼핑(지난주),1837
2026-06-02 15:52:00,홈앤쇼핑(지난주),1850
2026-06-02 15:52:10,홈앤쇼핑(지난주),1757
2026-06-02 15:52:20,홈앤쇼핑(지난주),1617
2026-06-02 15:52:30,홈앤쇼핑(지난주),1484
2026-06-02 15:52:40,홈앤쇼핑(지난주),1336
2026-06-02 15:52:50,홈앤쇼핑(지난주),1289
2026-06-02 15:53:00,홈앤쇼핑(지난주),1261
2026-06-02 15:53:10,홈앤쇼핑(지난주),1226
2026-06-02 15:53:20,홈앤쇼핑(지난주),1210
2026-06-02 15:53:30,홈앤쇼핑(지난주),1214
2026-06-02 15:53:40,홈앤쇼핑(지난주),1197
2026-06-02 15:53:50,홈앤쇼핑(지난주),1197
2026-06-02 15:54:00,홈앤쇼핑(지난주),1186
2026-06-02 15:54:10,홈앤쇼핑(지난주),1177
2026-06-02 15:54:20,홈앤쇼핑(지난주),1165
2026-06-02 15:54:30,홈앤쇼핑(지난주),1163
2026-06-02 15:54:40,홈앤쇼핑(지난주),1190
2026-06-02 15:54:50,홈앤쇼핑(지난주),1201
2026-06-02 15:55:00,홈앤쇼핑(지난주),1208
2026-06-02 15:55:10,홈앤쇼핑(지난주),1217
2026-06-02 15:55:20,홈앤쇼핑(지난주),1213
2026-06-02 15:55:30,홈앤쇼핑(지난주),1223
2026-06-02 15:55:40,홈앤쇼핑(지난주),1225
2026-06-02 15:55:50,홈앤쇼핑(지난주),1234
2026-06-02 15:56:00,홈앤쇼핑(지난주),1238
2026-06-02 15:56:10,홈앤쇼핑(지난주),1237
2026-06-02 15:56:20,홈앤쇼핑(지난주),1239
2026-06-02 15:56:30,홈앤쇼핑(지난주),1236
2026-06-02 15:56:40,홈앤쇼핑(지난주),1239
2026-06-02 15:56:50,홈앤쇼핑(지난주),1250
2026-06-02 15:57:00,홈앤쇼핑(지난주),1282
2026-06-02 15:57:10,홈앤쇼핑(지난주),1287
2026-06-02 15:57:20,홈앤쇼핑(지난주),1299
2026-06-02 15:57:30,홈앤쇼핑(지난주),1289
2026-06-02 15:57:40,홈앤쇼핑(지난주),1289
2026-06-02 15:57:50,홈앤쇼핑(지난주),1309
2026-06-02 15:58:00,홈앤쇼핑(지난주),1310
2026-06-02 15:58:10,홈앤쇼핑(지난주),1333
2026-06-02 15:58:20,홈앤쇼핑(지난주),1342
2026-06-02 15:58:30,홈앤쇼핑(지난주),1338
2026-06-02 15:58:40,홈앤쇼핑(지난주),1327
2026-06-02 15:58:50,홈앤쇼핑(지난주),1307
2026-06-02 15:59:00,홈앤쇼핑(지난주),1303
2026-06-02 15:59:10,홈앤쇼핑(지난주),1307
2026-06-02 15:59:20,홈앤쇼핑(지난주),1300
2026-06-02 15:59:30,홈앤쇼핑(지난주),1309
2026-06-02 15:59:40,홈앤쇼핑(지난주),1322
2026-06-02 15:59:50,홈앤쇼핑(지난주),1334
2026-06-02 16:00:00,홈앤쇼핑(지난주),1347
2026-06-02 16:00:10,홈앤쇼핑(지난주),1339
2026-06-02 16:00:20,홈앤쇼핑(지난주),1320
2026-06-02 16:00:30,홈앤쇼핑(지난주),1333
2026-06-02 16:00:40,홈앤쇼핑(지난주),1357
2026-06-02 16:00:50,홈앤쇼핑(지난주),1395
2026-06-02 16:01:00,홈앤쇼핑(지난주),1407
2026-06-02 16:01:10,홈앤쇼핑(지난주),1404
2026-06-02 16:01:20,홈앤쇼핑(지난주),1404
2026-06-02 16:01:30,홈앤쇼핑(지난주),1434
2026-06-02 16:01:40,홈앤쇼핑(지난주),1454
2026-06-02 16:01:50,홈앤쇼핑(지난주),1455
2026-06-02 16:02:00,홈앤쇼핑(지난주),1457
2026-06-02 16:02:10,홈앤쇼핑(지난주),1458
2026-06-02 16:02:20,홈앤쇼핑(지난주),1478
2026-06-02 16:02:30,홈앤쇼핑(지난주),1500
2026-06-02 16:02:40,홈앤쇼핑(지난주),1525
2026-06-02 16:02:50,홈앤쇼핑(지난주),1537
2026-06-02 16:03:00,홈앤쇼핑(지난주),1543
2026-06-02 16:03:10,홈앤쇼핑(지난주),1541
2026-06-02 15:42:00,NS홈쇼핑,2638
2026-06-02 15:42:10,NS홈쇼핑,2600
2026-06-02 15:42:20,NS홈쇼핑,2587
2026-06-02 15:42:30,NS홈쇼핑,2616
2026-06-02 15:42:40,NS홈쇼핑,2655
2026-06-02 15:42:50,NS홈쇼핑,2681
2026-06-02 15:43:00,NS홈쇼핑,2695
2026-06-02 15:43:10,NS홈쇼핑,2756
2026-06-02 15:43:20,NS홈쇼핑,2772
2026-06-02 15:43:30,NS홈쇼핑,2756
2026-06-02 15:43:40,NS홈쇼핑,2740
2026-06-02 15:43:50,NS홈쇼핑,2678
2026-06-02 15:44:00,NS홈쇼핑,2626
2026-06-02 15:44:10,NS홈쇼핑,2618
2026-06-02 15:44:20,NS홈쇼핑,2576
2026-06-02 15:44:30,NS홈쇼핑,2544
2026-06-02 15:44:40,NS홈쇼핑,2520
2026-06-02 15:44:50,NS홈쇼핑,2495
2026-06-02 15:45:00,NS홈쇼핑,2557
2026-06-02 15:45:10,NS홈쇼핑,2614
2026-06-02 15:45:20,NS홈쇼핑,2609
2026-06-02 15:45:30,NS홈쇼핑,2629
2026-06-02 15:45:40,NS홈쇼핑,2662
2026-06-02 15:45:50,NS홈쇼핑,2722
2026-06-02 15:46:00,NS홈쇼핑,2736
2026-06-02 15:46:10,NS홈쇼핑,2807
2026-06-02 15:46:20,NS홈쇼핑,2810
2026-06-02 15:46:30,NS홈쇼핑,2825
2026-06-02 15:46:40,NS홈쇼핑,2864
2026-06-02 15:46:50,NS홈쇼핑,2946
2026-06-02 15:47:00,NS홈쇼핑,3027
2026-06-02 15:47:10,NS홈쇼핑,2969
2026-06-02 15:47:20,NS홈쇼핑,2910
2026-06-02 15:47:30,NS홈쇼핑,2921
2026-06-02 15:47:40,NS홈쇼핑,2907
2026-06-02 15:47:50,NS홈쇼핑,2844
2026-06-02 15:48:00,NS홈쇼핑,2777
2026-06-02 15:48:10,NS홈쇼핑,2753
2026-06-02 15:48:20,NS홈쇼핑,2795
2026-06-02 15:48:30,NS홈쇼핑,2815
2026-06-02 15:48:40,NS홈쇼핑,2822
2026-06-02 15:48:50,NS홈쇼핑,2778
2026-06-02 15:49:00,NS홈쇼핑,2764
2026-06-02 15:49:10,NS홈쇼핑,2783
2026-06-02 15:49:20,NS홈쇼핑,2802
2026-06-02 15:49:30,NS홈쇼핑,2752
2026-06-02 15:49:40,NS홈쇼핑,2640
2026-06-02 15:49:50,NS홈쇼핑,2557
2026-06-02 15:50:00,NS홈쇼핑,2520
2026-06-02 15:50:10,NS홈쇼핑,2460
2026-06-02 15:50:20,NS홈쇼핑,2364
2026-06-02 15:50:30,NS홈쇼핑,2330
2026-06-02 15:50:40,NS홈쇼핑,2352
2026-06-02 15:50:50,NS홈쇼핑,2344
2026-06-02 15:51:00,NS홈쇼핑,2347
2026-06-02 15:51:10,NS홈쇼핑,2378
2026-06-02 15:51:20,NS홈쇼핑,2357
2026-06-02 15:51:30,NS홈쇼핑,2361
2026-06-02 15:51:40,NS홈쇼핑,2387
2026-06-02 15:51:50,NS홈쇼핑,2437
2026-06-02 15:52:00,NS홈쇼핑,2434
2026-06-02 15:52:10,NS홈쇼핑,2418
2026-06-02 15:52:20,NS홈쇼핑,2359
2026-06-02 15:52:30,NS홈쇼핑,2283
2026-06-02 15:52:40,NS홈쇼핑,2270
2026-06-02 15:52:50,NS홈쇼핑,2234
2026-06-02 15:53:00,NS홈쇼핑,2195
2026-06-02 15:53:10,NS홈쇼핑,2235
2026-06-02 15:53:20,NS홈쇼핑,2284
2026-06-02 15:53:30,NS홈쇼핑,2344
2026-06-02 15:53:40,NS홈쇼핑,2381
2026-06-02 15:53:50,NS홈쇼핑,2378
2026-06-02 15:54:00,NS홈쇼핑,2357
2026-06-02 15:54:10,NS홈쇼핑,2344
2026-06-02 15:54:20,NS홈쇼핑,2346
2026-06-02 15:54:30,NS홈쇼핑,2330
2026-06-02 15:54:40,NS홈쇼핑,2399
2026-06-02 15:54:50,NS홈쇼핑,2371
2026-06-02 15:55:00,NS홈쇼핑,2329
2026-06-02 15:55:10,NS홈쇼핑,2329
2026-06-02 15:55:20,NS홈쇼핑,2326
2026-06-02 15:55:30,NS홈쇼핑,2288
2026-06-02 15:55:40,NS홈쇼핑,2285
2026-06-02 15:55:50,NS홈쇼핑,2246
2026-06-02 15:56:00,NS홈쇼핑,2149
2026-06-02 15:56:10,NS홈쇼핑,2087
2026-06-02 15:56:20,NS홈쇼핑,2049
2026-06-02 15:56:30,NS홈쇼핑,2032
2026-06-02 15:56:40,NS홈쇼핑,2003
2026-06-02 15:56:50,NS홈쇼핑,1953
2026-06-02 15:57:00,NS홈쇼핑,1927
2026-06-02 15:57:10,NS홈쇼핑,1975
2026-06-02 15:57:20,NS홈쇼핑,1994
2026-06-02 15:57:30,NS홈쇼핑,1975
2026-06-02 15:57:40,NS홈쇼핑,1944
2026-06-02 15:57:50,NS홈쇼핑,1916
2026-06-02 15:58:00,NS홈쇼핑,1871
2026-06-02 15:58:10,NS홈쇼핑,1811
2026-06-02 15:58:20,NS홈쇼핑,1730
2026-06-02 15:58:30,NS홈쇼핑,1606
2026-06-02 15:58:40,NS홈쇼핑,1551
2026-06-02 15:58:50,NS홈쇼핑,1437
2026-06-02 15:59:00,NS홈쇼핑,1424
2026-06-02 15:59:10,NS홈쇼핑,1430
2026-06-02 15:59:20,NS홈쇼핑,1427
2026-06-02 15:59:30,NS홈쇼핑,1437
2026-06-02 15:59:40,NS홈쇼핑,1438
2026-06-02 15:59:50,NS홈쇼핑,1433
2026-06-02 16:00:00,NS홈쇼핑,1434
2026-06-02 16:00:10,NS홈쇼핑,1432
2026-06-02 16:00:20,NS홈쇼핑,1436
2026-06-02 16:00:30,NS홈쇼핑,1441
2026-06-02 16:00:40,NS홈쇼핑,1455
2026-06-02 16:00:50,NS홈쇼핑,1460
2026-06-02 16:01:00,NS홈쇼핑,1470
2026-06-02 16:01:10,NS홈쇼핑,1484
2026-06-02 16:01:20,NS홈쇼핑,1493
2026-06-02 16:01:30,NS홈쇼핑,1491
2026-06-02 16:01:40,NS홈쇼핑,1496
2026-06-02 16:01:50,NS홈쇼핑,1472
2026-06-02 16:02:00,NS홈쇼핑,1474
2026-06-02 16:02:10,NS홈쇼핑,1467
2026-06-02 16:02:20,NS홈쇼핑,1459
2026-06-02 16:02:30,NS홈쇼핑,1462
2026-06-02 16:02:40,NS홈쇼핑,1430
2026-06-02 16:02:50,NS홈쇼핑,1412
2026-06-02 16:03:00,NS홈쇼핑,1399
2026-06-02 16:03:10,NS홈쇼핑,1406
2026-06-02 15:42:00,CJ ONSTYLE,2472
2026-06-02 15:42:10,CJ ONSTYLE,2527
2026-06-02 15:42:20,CJ ONSTYLE,2478
2026-06-02 15:42:30,CJ ONSTYLE,2498
2026-06-02 15:42:40,CJ ONSTYLE,2465
2026-06-02 15:42:50,CJ ONSTYLE,2435
2026-06-02 15:43:00,CJ ONSTYLE,2437
2026-06-02 15:43:10,CJ ONSTYLE,2477
2026-06-02 15:43:20,CJ ONSTYLE,2537
2026-06-02 15:43:30,CJ ONSTYLE,2623
2026-06-02 15:43:40,CJ ONSTYLE,2601
2026-06-02 15:43:50,CJ ONSTYLE,2591
2026-06-02 15:44:00,CJ ONSTYLE,2509
2026-06-02 15:44:10,CJ ONSTYLE,2515
2026-06-02 15:44:20,CJ ONSTYLE,2527
2026-06-02 15:44:30,CJ ONSTYLE,2491
2026-06-02 15:44:40,CJ ONSTYLE,2466
2026-06-02 15:44:50,CJ ONSTYLE,2457
2026-06-02 15:45:00,CJ ONSTYLE,2468
2026-06-02 15:45:10,CJ ONSTYLE,2515
2026-06-02 15:45:20,CJ ONSTYLE,2586
2026-06-02 15:45:30,CJ ONSTYLE,2556
2026-06-02 15:45:40,CJ ONSTYLE,2590
2026-06-02 15:45:50,CJ ONSTYLE,2573
2026-06-02 15:46:00,CJ ONSTYLE,2606
2026-06-02 15:46:10,CJ ONSTYLE,2613
2026-06-02 15:46:20,CJ ONSTYLE,2545
2026-06-02 15:46:30,CJ ONSTYLE,2428
2026-06-02 15:46:40,CJ ONSTYLE,2329
2026-06-02 15:46:50,CJ ONSTYLE,2311
2026-06-02 15:47:00,CJ ONSTYLE,2304
2026-06-02 15:47:10,CJ ONSTYLE,2290
2026-06-02 15:47:20,CJ ONSTYLE,2247
2026-06-02 15:47:30,CJ ONSTYLE,2244
2026-06-02 15:47:40,CJ ONSTYLE,2255
2026-06-02 15:47:50,CJ ONSTYLE,2278
2026-06-02 15:48:00,CJ ONSTYLE,2352
2026-06-02 15:48:10,CJ ONSTYLE,2321
2026-06-02 15:48:20,CJ ONSTYLE,2325
2026-06-02 15:48:30,CJ ONSTYLE,2325
2026-06-02 15:48:40,CJ ONSTYLE,2298
2026-06-02 15:48:50,CJ ONSTYLE,2280
2026-06-02 15:49:00,CJ ONSTYLE,2235
2026-06-02 15:49:10,CJ ONSTYLE,2226
2026-06-02 15:49:20,CJ ONSTYLE,2224
2026-06-02 15:49:30,CJ ONSTYLE,2201
2026-06-02 15:49:40,CJ ONSTYLE,2216
2026-06-02 15:49:50,CJ ONSTYLE,2182
2026-06-02 15:50:00,CJ ONSTYLE,2109
2026-06-02 15:50:10,CJ ONSTYLE,2099
2026-06-02 15:50:20,CJ ONSTYLE,2081
2026-06-02 15:50:30,CJ ONSTYLE,2099
2026-06-02 15:50:40,CJ ONSTYLE,2143
2026-06-02 15:50:50,CJ ONSTYLE,2122
2026-06-02 15:51:00,CJ ONSTYLE,2118
2026-06-02 15:51:10,CJ ONSTYLE,2131
2026-06-02 15:51:20,CJ ONSTYLE,2122
2026-06-02 15:51:30,CJ ONSTYLE,2068
2026-06-02 15:51:40,CJ ONSTYLE,1984
2026-06-02 15:51:50,CJ ONSTYLE,1963
2026-06-02 15:52:00,CJ ONSTYLE,1907
2026-06-02 15:52:10,CJ ONSTYLE,1875
2026-06-02 15:52:20,CJ ONSTYLE,1860
2026-06-02 15:52:30,CJ ONSTYLE,1810
2026-06-02 15:52:40,CJ ONSTYLE,1802
2026-06-02 15:52:50,CJ ONSTYLE,1818
2026-06-02 15:53:00,CJ ONSTYLE,1801
2026-06-02 15:53:10,CJ ONSTYLE,1753
2026-06-02 15:53:20,CJ ONSTYLE,1733
2026-06-02 15:53:30,CJ ONSTYLE,1739
2026-06-02 15:53:40,CJ ONSTYLE,1691
2026-06-02 15:53:50,CJ ONSTYLE,1649
2026-06-02 15:54:00,CJ ONSTYLE,1659
2026-06-02 15:54:10,CJ ONSTYLE,1673
2026-06-02 15:54:20,CJ ONSTYLE,1655
2026-06-02 15:54:30,CJ ONSTYLE,1631
2026-06-02 15:54:40,CJ ONSTYLE,1617
2026-06-02 15:54:50,CJ ONSTYLE,1623
2026-06-02 15:55:00,CJ ONSTYLE,1607
2026-06-02 15:55:10,CJ ONSTYLE,1622
2026-06-02 15:55:20,CJ ONSTYLE,1646
2026-06-02 15:55:30,CJ ONSTYLE,1652
2026-06-02 15:55:40,CJ ONSTYLE,1668
2026-06-02 15:55:50,CJ ONSTYLE,1684
2026-06-02 15:56:00,CJ ONSTYLE,1673
2026-06-02 15:56:10,CJ ONSTYLE,1642
2026-06-02 15:56:20,CJ ONSTYLE,1632
2026-06-02 15:56:30,CJ ONSTYLE,1626
2026-06-02 15:56:40,CJ ONSTYLE,1629
2026-06-02 15:56:50,CJ ONSTYLE,1626
2026-06-02 15:57:00,CJ ONSTYLE,1641
2026-06-02 15:57:10,CJ ONSTYLE,1642
2026-06-02 15:57:20,CJ ONSTYLE,1635
2026-06-02 15:57:30,CJ ONSTYLE,1650
2026-06-02 15:57:40,CJ ONSTYLE,1665
2026-06-02 15:57:50,CJ ONSTYLE,1683
2026-06-02 15:58:00,CJ ONSTYLE,1694
2026-06-02 15:58:10,CJ ONSTYLE,1722
2026-06-02 15:58:20,CJ ONSTYLE,1736
2026-06-02 15:58:30,CJ ONSTYLE,1710
2026-06-02 15:58:40,CJ ONSTYLE,1689
2026-06-02 15:58:50,CJ ONSTYLE,1699
2026-06-02 15:59:00,CJ ONSTYLE,1715
2026-06-02 15:59:10,CJ ONSTYLE,1736
2026-06-02 15:59:20,CJ ONSTYLE,1729
2026-06-02 15:59:30,CJ ONSTYLE,1739
2026-06-02 15:59:40,CJ ONSTYLE,1777
2026-06-02 15:59:50,CJ ONSTYLE,1831
2026-06-02 16:00:00,CJ ONSTYLE,1838
2026-06-02 16:00:10,CJ ONSTYLE,1826
2026-06-02 16:00:20,CJ ONSTYLE,1810
2026-06-02 16:00:30,CJ ONSTYLE,1754
2026-06-02 16:00:40,CJ ONSTYLE,1753
2026-06-02 16:00:50,CJ ONSTYLE,1726
2026-06-02 16:01:00,CJ ONSTYLE,1702
2026-06-02 16:01:10,CJ ONSTYLE,1707
2026-06-02 16:01:20,CJ ONSTYLE,1758
2026-06-02 16:01:30,CJ ONSTYLE,1818
2026-06-02 16:01:40,CJ ONSTYLE,1859
2026-06-02 16:01:50,CJ ONSTYLE,1860
2026-06-02 16:02:00,CJ ONSTYLE,1831
2026-06-02 16:02:10,CJ ONSTYLE,1781
2026-06-02 16:02:20,CJ ONSTYLE,1771
2026-06-02 16:02:30,CJ ONSTYLE,1804
2026-06-02 16:02:40,CJ ONSTYLE,1832
2026-06-02 16:02:50,CJ ONSTYLE,1806
2026-06-02 16:03:00,CJ ONSTYLE,1815
2026-06-02 16:03:10,CJ ONSTYLE,1928
2026-06-02 15:42:00,홈&쇼핑,2339
2026-06-02 15:42:10,홈&쇼핑,2389
2026-06-02 15:42:20,홈&쇼핑,2381
2026-06-02 15:42:30,홈&쇼핑,2383
2026-06-02 15:42:40,홈&쇼핑,2408
2026-06-02 15:42:50,홈&쇼핑,2362
2026-06-02 15:43:00,홈&쇼핑,2362
2026-06-02 15:43:10,홈&쇼핑,2344
2026-06-02 15:43:20,홈&쇼핑,2369
2026-06-02 15:43:30,홈&쇼핑,2400
2026-06-02 15:43:40,홈&쇼핑,2421
2026-06-02 15:43:50,홈&쇼핑,2465
2026-06-02 15:44:00,홈&쇼핑,2500
2026-06-02 15:44:10,홈&쇼핑,2482
2026-06-02 15:44:20,홈&쇼핑,2379
2026-06-02 15:44:30,홈&쇼핑,2251
2026-06-02 15:44:40,홈&쇼핑,2125
2026-06-02 15:44:50,홈&쇼핑,2073
2026-06-02 15:45:00,홈&쇼핑,2056
2026-06-02 15:45:10,홈&쇼핑,2070
2026-06-02 15:45:20,홈&쇼핑,2075
2026-06-02 15:45:30,홈&쇼핑,2071
2026-06-02 15:45:40,홈&쇼핑,2051
2026-06-02 15:45:50,홈&쇼핑,2032
2026-06-02 15:46:00,홈&쇼핑,1949
2026-06-02 15:46:10,홈&쇼핑,1939
2026-06-02 15:46:20,홈&쇼핑,1964
2026-06-02 15:46:30,홈&쇼핑,1983
2026-06-02 15:46:40,홈&쇼핑,1995
2026-06-02 15:46:50,홈&쇼핑,2000
2026-06-02 15:47:00,홈&쇼핑,2005
2026-06-02 15:47:10,홈&쇼핑,2028
2026-06-02 15:47:20,홈&쇼핑,2008
2026-06-02 15:47:30,홈&쇼핑,2015
2026-06-02 15:47:40,홈&쇼핑,2042
2026-06-02 15:47:50,홈&쇼핑,2040
2026-06-02 15:48:00,홈&쇼핑,2032
2026-06-02 15:48:10,홈&쇼핑,2047
2026-06-02 15:48:20,홈&쇼핑,2036
2026-06-02 15:48:30,홈&쇼핑,2036
2026-06-02 15:48:40,홈&쇼핑,2035
2026-06-02 15:48:50,홈&쇼핑,2055
2026-06-02 15:49:00,홈&쇼핑,2068
2026-06-02 15:49:10,홈&쇼핑,2045
2026-06-02 15:49:20,홈&쇼핑,2110
2026-06-02 15:49:30,홈&쇼핑,2229
2026-06-02 15:49:40,홈&쇼핑,2298
2026-06-02 15:49:50,홈&쇼핑,2304
2026-06-02 15:50:00,홈&쇼핑,2267
2026-06-02 15:50:10,홈&쇼핑,2180
2026-06-02 15:50:20,홈&쇼핑,2057
2026-06-02 15:50:30,홈&쇼핑,2048
2026-06-02 15:50:40,홈&쇼핑,2043
2026-06-02 15:50:50,홈&쇼핑,2045
2026-06-02 15:51:00,홈&쇼핑,2064
2026-06-02 15:51:10,홈&쇼핑,2073
2026-06-02 15:51:20,홈&쇼핑,2058
2026-06-02 15:51:30,홈&쇼핑,2057
2026-06-02 15:51:40,홈&쇼핑,2090
2026-06-02 15:51:50,홈&쇼핑,2146
2026-06-02 15:52:00,홈&쇼핑,2170
2026-06-02 15:52:10,홈&쇼핑,2201
2026-06-02 15:52:20,홈&쇼핑,2183
2026-06-02 15:52:30,홈&쇼핑,2149
2026-06-02 15:52:40,홈&쇼핑,2092
2026-06-02 15:52:50,홈&쇼핑,2019
2026-06-02 15:53:00,홈&쇼핑,2025
2026-06-02 15:53:10,홈&쇼핑,2049
2026-06-02 15:53:20,홈&쇼핑,2017
2026-06-02 15:53:30,홈&쇼핑,2023
2026-06-02 15:53:40,홈&쇼핑,2004
2026-06-02 15:53:50,홈&쇼핑,2016
2026-06-02 15:54:00,홈&쇼핑,2062
2026-06-02 15:54:10,홈&쇼핑,2098
2026-06-02 15:54:20,홈&쇼핑,2143
2026-06-02 15:54:30,홈&쇼핑,2149
2026-06-02 15:54:40,홈&쇼핑,2158
2026-06-02 15:54:50,홈&쇼핑,2171
2026-06-02 15:55:00,홈&쇼핑,2150
2026-06-02 15:55:10,홈&쇼핑,2114
2026-06-02 15:55:20,홈&쇼핑,2108
2026-06-02 15:55:30,홈&쇼핑,2061
2026-06-02 15:55:40,홈&쇼핑,2062
2026-06-02 15:55:50,홈&쇼핑,2054
2026-06-02 15:56:00,홈&쇼핑,2082
2026-06-02 15:56:10,홈&쇼핑,2108
2026-06-02 15:56:20,홈&쇼핑,2130
2026-06-02 15:56:30,홈&쇼핑,2194
2026-06-02 15:56:40,홈&쇼핑,2236
2026-06-02 15:56:50,홈&쇼핑,2285
2026-06-02 15:57:00,홈&쇼핑,2252
2026-06-02 15:57:10,홈&쇼핑,2233
2026-06-02 15:57:20,홈&쇼핑,2209
2026-06-02 15:57:30,홈&쇼핑,2203
2026-06-02 15:57:40,홈&쇼핑,2206
2026-06-02 15:57:50,홈&쇼핑,2235
2026-06-02 15:58:00,홈&쇼핑,2270
2026-06-02 15:58:10,홈&쇼핑,2277
2026-06-02 15:58:20,홈&쇼핑,2300
2026-06-02 15:58:30,홈&쇼핑,2270
2026-06-02 15:58:40,홈&쇼핑,2294
2026-06-02 15:58:50,홈&쇼핑,2337
2026-06-02 15:59:00,홈&쇼핑,2442
2026-06-02 15:59:10,홈&쇼핑,2473
2026-06-02 15:59:20,홈&쇼핑,2495
2026-06-02 15:59:30,홈&쇼핑,2494
2026-06-02 15:59:40,홈&쇼핑,2474
2026-06-02 15:59:50,홈&쇼핑,2453
2026-06-02 16:00:00,홈&쇼핑,2426
2026-06-02 16:00:10,홈&쇼핑,2340
2026-06-02 16:00:20,홈&쇼핑,2251
2026-06-02 16:00:30,홈&쇼핑,2175
2026-06-02 16:00:40,홈&쇼핑,2083
2026-06-02 16:00:50,홈&쇼핑,1996
2026-06-02 16:01:00,홈&쇼핑,1920
2026-06-02 16:01:10,홈&쇼핑,1943
2026-06-02 16:01:20,홈&쇼핑,1971
2026-06-02 16:01:30,홈&쇼핑,2037
2026-06-02 16:01:40,홈&쇼핑,2030
2026-06-02 16:01:50,홈&쇼핑,2042
2026-06-02 16:02:00,홈&쇼핑,1966
2026-06-02 16:02:10,홈&쇼핑,1962
2026-06-02 16:02:20,홈&쇼핑,1996
2026-06-02 16:02:30,홈&쇼핑,2035
2026-06-02 16:02:40,홈&쇼핑,2067
2026-06-02 16:02:50,홈&쇼핑,2077
2026-06-02 16:03:00,홈&쇼핑,2073
2026-06-02 16:03:10,홈&쇼핑,2078
2026-06-02 15:42:00,GS MY SHOP,2121
2026-06-02 15:42:10,GS MY SHOP,2091
2026-06-02 15:42:20,GS MY SHOP,2052
2026-06-02 15:42:30,GS MY SHOP,2041
2026-06-02 15:42:40,GS MY SHOP,2017
2026-06-02 15:42:50,GS MY SHOP,1935
2026-06-02 15:43:00,GS MY SHOP,1883
2026-06-02 15:43:10,GS MY SHOP,1847
2026-06-02 15:43:20,GS MY SHOP,1879
2026-06-02 15:43:30,GS MY SHOP,1893
2026-06-02 15:43:40,GS MY SHOP,1905
2026-06-02 15:43:50,GS MY SHOP,1907
2026-06-02 15:44:00,GS MY SHOP,1897
2026-06-02 15:44:10,GS MY SHOP,1916
2026-06-02 15:44:20,GS MY SHOP,1905
2026-06-02 15:44:30,GS MY SHOP,1911
2026-06-02 15:44:40,GS MY SHOP,1923
2026-06-02 15:44:50,GS MY SHOP,1964
2026-06-02 15:45:00,GS MY SHOP,1948
2026-06-02 15:45:10,GS MY SHOP,1921
2026-06-02 15:45:20,GS MY SHOP,1890
2026-06-02 15:45:30,GS MY SHOP,1880
2026-06-02 15:45:40,GS MY SHOP,1888
2026-06-02 15:45:50,GS MY SHOP,1869
2026-06-02 15:46:00,GS MY SHOP,1850
2026-06-02 15:46:10,GS MY SHOP,1860
2026-06-02 15:46:20,GS MY SHOP,1873
2026-06-02 15:46:30,GS MY SHOP,1881
2026-06-02 15:46:40,GS MY SHOP,1906
2026-06-02 15:46:50,GS MY SHOP,1898
2026-06-02 15:47:00,GS MY SHOP,1902
2026-06-02 15:47:10,GS MY SHOP,1923
2026-06-02 15:47:20,GS MY SHOP,1958
2026-06-02 15:47:30,GS MY SHOP,1982
2026-06-02 15:47:40,GS MY SHOP,1974
2026-06-02 15:47:50,GS MY SHOP,1966
2026-06-02 15:48:00,GS MY SHOP,1965
2026-06-02 15:48:10,GS MY SHOP,1977
2026-06-02 15:48:20,GS MY SHOP,1973
2026-06-02 15:48:30,GS MY SHOP,1980
2026-06-02 15:48:40,GS MY SHOP,1980
2026-06-02 15:48:50,GS MY SHOP,2035
2026-06-02 15:49:00,GS MY SHOP,2055
2026-06-02 15:49:10,GS MY SHOP,2028
2026-06-02 15:49:20,GS MY SHOP,2023
2026-06-02 15:49:30,GS MY SHOP,2012
2026-06-02 15:49:40,GS MY SHOP,1959
2026-06-02 15:49:50,GS MY SHOP,1945
2026-06-02 15:50:00,GS MY SHOP,1957
2026-06-02 15:50:10,GS MY SHOP,1982
2026-06-02 15:50:20,GS MY SHOP,1982
2026-06-02 15:50:30,GS MY SHOP,1997
2026-06-02 15:50:40,GS MY SHOP,1989
2026-06-02 15:50:50,GS MY SHOP,1981
2026-06-02 15:51:00,GS MY SHOP,1993
2026-06-02 15:51:10,GS MY SHOP,2035
2026-06-02 15:51:20,GS MY SHOP,2054
2026-06-02 15:51:30,GS MY SHOP,2060
2026-06-02 15:51:40,GS MY SHOP,2037
2026-06-02 15:51:50,GS MY SHOP,2055
2026-06-02 15:52:00,GS MY SHOP,2031
2026-06-02 15:52:10,GS MY SHOP,2039
2026-06-02 15:52:20,GS MY SHOP,2007
2026-06-02 15:52:30,GS MY SHOP,1991
2026-06-02 15:52:40,GS MY SHOP,1972
2026-06-02 15:52:50,GS MY SHOP,1985
2026-06-02 15:53:00,GS MY SHOP,1999
2026-06-02 15:53:10,GS MY SHOP,1992
2026-06-02 15:53:20,GS MY SHOP,2006
2026-06-02 15:53:30,GS MY SHOP,2004
2026-06-02 15:53:40,GS MY SHOP,2012
2026-06-02 15:53:50,GS MY SHOP,1995
2026-06-02 15:54:00,GS MY SHOP,1986
2026-06-02 15:54:10,GS MY SHOP,1995
2026-06-02 15:54:20,GS MY SHOP,2005
2026-06-02 15:54:30,GS MY SHOP,2020
2026-06-02 15:54:40,GS MY SHOP,2020
2026-06-02 15:54:50,GS MY SHOP,2018
2026-06-02 15:55:00,GS MY SHOP,2039
2026-06-02 15:55:10,GS MY SHOP,2030
2026-06-02 15:55:20,GS MY SHOP,2003
2026-06-02 15:55:30,GS MY SHOP,2004
2026-06-02 15:55:40,GS MY SHOP,2034
2026-06-02 15:55:50,GS MY SHOP,2055
2026-06-02 15:56:00,GS MY SHOP,2051
2026-06-02 15:56:10,GS MY SHOP,2053
2026-06-02 15:56:20,GS MY SHOP,2068
2026-06-02 15:56:30,GS MY SHOP,2062
2026-06-02 15:56:40,GS MY SHOP,2079
2026-06-02 15:56:50,GS MY SHOP,2111
2026-06-02 15:57:00,GS MY SHOP,2163
2026-06-02 15:57:10,GS MY SHOP,2180
2026-06-02 15:57:20,GS MY SHOP,2159
2026-06-02 15:57:30,GS MY SHOP,2140
2026-06-02 15:57:40,GS MY SHOP,2129
2026-06-02 15:57:50,GS MY SHOP,2100
2026-06-02 15:58:00,GS MY SHOP,2097
2026-06-02 15:58:10,GS MY SHOP,2126
2026-06-02 15:58:20,GS MY SHOP,2132
2026-06-02 15:58:30,GS MY SHOP,2151
2026-06-02 15:58:40,GS MY SHOP,2175
2026-06-02 15:58:50,GS MY SHOP,2184
2026-06-02 15:59:00,GS MY SHOP,2189
2026-06-02 15:59:10,GS MY SHOP,2180
2026-06-02 15:59:20,GS MY SHOP,2211
2026-06-02 15:59:30,GS MY SHOP,2221
2026-06-02 15:59:40,GS MY SHOP,2226
2026-06-02 15:59:50,GS MY SHOP,2219
2026-06-02 16:00:00,GS MY SHOP,2230
2026-06-02 16:00:10,GS MY SHOP,2220
2026-06-02 16:00:20,GS MY SHOP,2176
2026-06-02 16:00:30,GS MY SHOP,2165
2026-06-02 16:00:40,GS MY SHOP,2154
2026-06-02 16:00:50,GS MY SHOP,2155
2026-06-02 16:01:00,GS MY SHOP,2161
2026-06-02 16:01:10,GS MY SHOP,2157
2026-06-02 16:01:20,GS MY SHOP,2164
2026-06-02 16:01:30,GS MY SHOP,2139
2026-06-02 16:01:40,GS MY SHOP,2157
2026-06-02 16:01:50,GS MY SHOP,2165
2026-06-02 16:02:00,GS MY SHOP,2179
2026-06-02 16:02:10,GS MY SHOP,2189
2026-06-02 16:02:20,GS MY SHOP,2182
2026-06-02 16:02:30,GS MY SHOP,2201
2026-06-02 16:02:40,GS MY SHOP,2201
2026-06-02 16:02:50,GS MY SHOP,2150
2026-06-02 16:03:00,GS MY SHOP,2065
2026-06-02 16:03:10,GS MY SHOP,2057
2026-06-02 15:42:00,CJ ONSTYLE+,2059
2026-06-02 15:42:10,CJ ONSTYLE+,2065
2026-06-02 15:42:20,CJ ONSTYLE+,2040
2026-06-02 15:42:30,CJ ONSTYLE+,1996
2026-06-02 15:42:40,CJ ONSTYLE+,1966
2026-06-02 15:42:50,CJ ONSTYLE+,1995
2026-06-02 15:43:00,CJ ONSTYLE+,2014
2026-06-02 15:43:10,CJ ONSTYLE+,2064
2026-06-02 15:43:20,CJ ONSTYLE+,2177
2026-06-02 15:43:30,CJ ONSTYLE+,2209
2026-06-02 15:43:40,CJ ONSTYLE+,2197
2026-06-02 15:43:50,CJ ONSTYLE+,2156
2026-06-02 15:44:00,CJ ONSTYLE+,2118
2026-06-02 15:44:10,CJ ONSTYLE+,2052
2026-06-02 15:44:20,CJ ONSTYLE+,1995
2026-06-02 15:44:30,CJ ONSTYLE+,1994
2026-06-02 15:44:40,CJ ONSTYLE+,2017
2026-06-02 15:44:50,CJ ONSTYLE+,2005
2026-06-02 15:45:00,CJ ONSTYLE+,2030
2026-06-02 15:45:10,CJ ONSTYLE+,2017
2026-06-02 15:45:20,CJ ONSTYLE+,2025
2026-06-02 15:45:30,CJ ONSTYLE+,2022
2026-06-02 15:45:40,CJ ONSTYLE+,2013
2026-06-02 15:45:50,CJ ONSTYLE+,2037
2026-06-02 15:46:00,CJ ONSTYLE+,2086
2026-06-02 15:46:10,CJ ONSTYLE+,2127
2026-06-02 15:46:20,CJ ONSTYLE+,2154
2026-06-02 15:46:30,CJ ONSTYLE+,2152
2026-06-02 15:46:40,CJ ONSTYLE+,2155
2026-06-02 15:46:50,CJ ONSTYLE+,2146
2026-06-02 15:47:00,CJ ONSTYLE+,2144
2026-06-02 15:47:10,CJ ONSTYLE+,2164
2026-06-02 15:47:20,CJ ONSTYLE+,2189
2026-06-02 15:47:30,CJ ONSTYLE+,2182
2026-06-02 15:47:40,CJ ONSTYLE+,2161
2026-06-02 15:47:50,CJ ONSTYLE+,2197
2026-06-02 15:48:00,CJ ONSTYLE+,2223
2026-06-02 15:48:10,CJ ONSTYLE+,2211
2026-06-02 15:48:20,CJ ONSTYLE+,2224
2026-06-02 15:48:30,CJ ONSTYLE+,2231
2026-06-02 15:48:40,CJ ONSTYLE+,2239
2026-06-02 15:48:50,CJ ONSTYLE+,2263
2026-06-02 15:49:00,CJ ONSTYLE+,2253
2026-06-02 15:49:10,CJ ONSTYLE+,2247
2026-06-02 15:49:20,CJ ONSTYLE+,2234
2026-06-02 15:49:30,CJ ONSTYLE+,2227
2026-06-02 15:49:40,CJ ONSTYLE+,2210
2026-06-02 15:49:50,CJ ONSTYLE+,2199
2026-06-02 15:50:00,CJ ONSTYLE+,2182
2026-06-02 15:50:10,CJ ONSTYLE+,2130
2026-06-02 15:50:20,CJ ONSTYLE+,2137
2026-06-02 15:50:30,CJ ONSTYLE+,2156
2026-06-02 15:50:40,CJ ONSTYLE+,2179
2026-06-02 15:50:50,CJ ONSTYLE+,2214
2026-06-02 15:51:00,CJ ONSTYLE+,2224
2026-06-02 15:51:10,CJ ONSTYLE+,2220
2026-06-02 15:51:20,CJ ONSTYLE+,2199
2026-06-02 15:51:30,CJ ONSTYLE+,2225
2026-06-02 15:51:40,CJ ONSTYLE+,2269
2026-06-02 15:51:50,CJ ONSTYLE+,2304
2026-06-02 15:52:00,CJ ONSTYLE+,2286
2026-06-02 15:52:10,CJ ONSTYLE+,2324
2026-06-02 15:52:20,CJ ONSTYLE+,2325
2026-06-02 15:52:30,CJ ONSTYLE+,2311
2026-06-02 15:52:40,CJ ONSTYLE+,2280
2026-06-02 15:52:50,CJ ONSTYLE+,2280
2026-06-02 15:53:00,CJ ONSTYLE+,2279
2026-06-02 15:53:10,CJ ONSTYLE+,2277
2026-06-02 15:53:20,CJ ONSTYLE+,2266
2026-06-02 15:53:30,CJ ONSTYLE+,2247
2026-06-02 15:53:40,CJ ONSTYLE+,2206
2026-06-02 15:53:50,CJ ONSTYLE+,2165
2026-06-02 15:54:00,CJ ONSTYLE+,2143
2026-06-02 15:54:10,CJ ONSTYLE+,2200
2026-06-02 15:54:20,CJ ONSTYLE+,2334
2026-06-02 15:54:30,CJ ONSTYLE+,2441
2026-06-02 15:54:40,CJ ONSTYLE+,2492
2026-06-02 15:54:50,CJ ONSTYLE+,2525
2026-06-02 15:55:00,CJ ONSTYLE+,2575
2026-06-02 15:55:10,CJ ONSTYLE+,2606
2026-06-02 15:55:20,CJ ONSTYLE+,2686
2026-06-02 15:55:30,CJ ONSTYLE+,2842
2026-06-02 15:55:40,CJ ONSTYLE+,2949
2026-06-02 15:55:50,CJ ONSTYLE+,3102
2026-06-02 15:56:00,CJ ONSTYLE+,3114
2026-06-02 15:56:10,CJ ONSTYLE+,3089
2026-06-02 15:56:20,CJ ONSTYLE+,2869
2026-06-02 15:56:30,CJ ONSTYLE+,2570
2026-06-02 15:56:40,CJ ONSTYLE+,2472
2026-06-02 15:56:50,CJ ONSTYLE+,2424
2026-06-02 15:57:00,CJ ONSTYLE+,2411
2026-06-02 15:57:10,CJ ONSTYLE+,2397
2026-06-02 15:57:20,CJ ONSTYLE+,2396
2026-06-02 15:57:30,CJ ONSTYLE+,2376
2026-06-02 15:57:40,CJ ONSTYLE+,2366
2026-06-02 15:57:50,CJ ONSTYLE+,2380
2026-06-02 15:58:00,CJ ONSTYLE+,2387
2026-06-02 15:58:10,CJ ONSTYLE+,2502
2026-06-02 15:58:20,CJ ONSTYLE+,2600
2026-06-02 15:58:30,CJ ONSTYLE+,2596
2026-06-02 15:58:40,CJ ONSTYLE+,2570
2026-06-02 15:58:50,CJ ONSTYLE+,2528
2026-06-02 15:59:00,CJ ONSTYLE+,2519
2026-06-02 15:59:10,CJ ONSTYLE+,2483
2026-06-02 15:59:20,CJ ONSTYLE+,2468
2026-06-02 15:59:30,CJ ONSTYLE+,2427
2026-06-02 15:59:40,CJ ONSTYLE+,2446
2026-06-02 15:59:50,CJ ONSTYLE+,2484
2026-06-02 16:00:00,CJ ONSTYLE+,2504
2026-06-02 16:00:10,CJ ONSTYLE+,2478
2026-06-02 16:00:20,CJ ONSTYLE+,2453
2026-06-02 16:00:30,CJ ONSTYLE+,2434
2026-06-02 16:00:40,CJ ONSTYLE+,2429
2026-06-02 16:00:50,CJ ONSTYLE+,2458
2026-06-02 16:01:00,CJ ONSTYLE+,2525
2026-06-02 16:01:10,CJ ONSTYLE+,2652
2026-06-02 16:01:20,CJ ONSTYLE+,2716
2026-06-02 16:01:30,CJ ONSTYLE+,2714
2026-06-02 16:01:40,CJ ONSTYLE+,2705
2026-06-02 16:01:50,CJ ONSTYLE+,2702
2026-06-02 16:02:00,CJ ONSTYLE+,2736
2026-06-02 16:02:10,CJ ONSTYLE+,2764
2026-06-02 16:02:20,CJ ONSTYLE+,2857
2026-06-02 16:02:30,CJ ONSTYLE+,2901
2026-06-02 16:02:40,CJ ONSTYLE+,2898
2026-06-02 16:02:50,CJ ONSTYLE+,2783
2026-06-02 16:03:00,CJ ONSTYLE+,2459
2026-06-02 16:03:10,CJ ONSTYLE+,2363
2026-06-02 15:42:00,GS SHOP,1717
2026-06-02 15:42:10,GS SHOP,1683
2026-06-02 15:42:20,GS SHOP,1593
2026-06-02 15:42:30,GS SHOP,1556
2026-06-02 15:42:40,GS SHOP,1565
2026-06-02 15:42:50,GS SHOP,1569
2026-06-02 15:43:00,GS SHOP,1618
2026-06-02 15:43:10,GS SHOP,1636
2026-06-02 15:43:20,GS SHOP,1596
2026-06-02 15:43:30,GS SHOP,1517
2026-06-02 15:43:40,GS SHOP,1490
2026-06-02 15:43:50,GS SHOP,1522
2026-06-02 15:44:00,GS SHOP,1559
2026-06-02 15:44:10,GS SHOP,1578
2026-06-02 15:44:20,GS SHOP,1533
2026-06-02 15:44:30,GS SHOP,1489
2026-06-02 15:44:40,GS SHOP,1438
2026-06-02 15:44:50,GS SHOP,1417
2026-06-02 15:45:00,GS SHOP,1403
2026-06-02 15:45:10,GS SHOP,1394
2026-06-02 15:45:20,GS SHOP,1400
2026-06-02 15:45:30,GS SHOP,1407
2026-06-02 15:45:40,GS SHOP,1418
2026-06-02 15:45:50,GS SHOP,1417
2026-06-02 15:46:00,GS SHOP,1408
2026-06-02 15:46:10,GS SHOP,1396
2026-06-02 15:46:20,GS SHOP,1390
2026-06-02 15:46:30,GS SHOP,1400
2026-06-02 15:46:40,GS SHOP,1417
2026-06-02 15:46:50,GS SHOP,1412
2026-06-02 15:47:00,GS SHOP,1414
2026-06-02 15:47:10,GS SHOP,1418
2026-06-02 15:47:20,GS SHOP,1409
2026-06-02 15:47:30,GS SHOP,1408
2026-06-02 15:47:40,GS SHOP,1422
2026-06-02 15:47:50,GS SHOP,1472
2026-06-02 15:48:00,GS SHOP,1508
2026-06-02 15:48:10,GS SHOP,1518
2026-06-02 15:48:20,GS SHOP,1516
2026-06-02 15:48:30,GS SHOP,1549
2026-06-02 15:48:40,GS SHOP,1582
2026-06-02 15:48:50,GS SHOP,1568
2026-06-02 15:49:00,GS SHOP,1522
2026-06-02 15:49:10,GS SHOP,1492
2026-06-02 15:49:20,GS SHOP,1498
2026-06-02 15:49:30,GS SHOP,1526
2026-06-02 15:49:40,GS SHOP,1532
2026-06-02 15:49:50,GS SHOP,1535
2026-06-02 15:50:00,GS SHOP,1529
2026-06-02 15:50:10,GS SHOP,1532
2026-06-02 15:50:20,GS SHOP,1531
2026-06-02 15:50:30,GS SHOP,1534
2026-06-02 15:50:40,GS SHOP,1535
2026-06-02 15:50:50,GS SHOP,1555
2026-06-02 15:51:00,GS SHOP,1578
2026-06-02 15:51:10,GS SHOP,1602
2026-06-02 15:51:20,GS SHOP,1555
2026-06-02 15:51:30,GS SHOP,1539
2026-06-02 15:51:40,GS SHOP,1537
2026-06-02 15:51:50,GS SHOP,1520
2026-06-02 15:52:00,GS SHOP,1508
2026-06-02 15:52:10,GS SHOP,1514
2026-06-02 15:52:20,GS SHOP,1500
2026-06-02 15:52:30,GS SHOP,1499
2026-06-02 15:52:40,GS SHOP,1500
2026-06-02 15:52:50,GS SHOP,1509
2026-06-02 15:53:00,GS SHOP,1505
2026-06-02 15:53:10,GS SHOP,1500
2026-06-02 15:53:20,GS SHOP,1498
2026-06-02 15:53:30,GS SHOP,1478
2026-06-02 15:53:40,GS SHOP,1485
2026-06-02 15:53:50,GS SHOP,1496
2026-06-02 15:54:00,GS SHOP,1519
2026-06-02 15:54:10,GS SHOP,1521
2026-06-02 15:54:20,GS SHOP,1534
2026-06-02 15:54:30,GS SHOP,1545
2026-06-02 15:54:40,GS SHOP,1539
2026-06-02 15:54:50,GS SHOP,1587
2026-06-02 15:55:00,GS SHOP,1602
2026-06-02 15:55:10,GS SHOP,1588
2026-06-02 15:55:20,GS SHOP,1579
2026-06-02 15:55:30,GS SHOP,1560
2026-06-02 15:55:40,GS SHOP,1559
2026-06-02 15:55:50,GS SHOP,1564
2026-06-02 15:56:00,GS SHOP,1582
2026-06-02 15:56:10,GS SHOP,1613
2026-06-02 15:56:20,GS SHOP,1639
2026-06-02 15:56:30,GS SHOP,1697
2026-06-02 15:56:40,GS SHOP,1758
2026-06-02 15:56:50,GS SHOP,1774
2026-06-02 15:57:00,GS SHOP,1766
2026-06-02 15:57:10,GS SHOP,1758
2026-06-02 15:57:20,GS SHOP,1722
2026-06-02 15:57:30,GS SHOP,1659
2026-06-02 15:57:40,GS SHOP,1610
2026-06-02 15:57:50,GS SHOP,1597
2026-06-02 15:58:00,GS SHOP,1595
2026-06-02 15:58:10,GS SHOP,1589
2026-06-02 15:58:20,GS SHOP,1592
2026-06-02 15:58:30,GS SHOP,1591
2026-06-02 15:58:40,GS SHOP,1593
2026-06-02 15:58:50,GS SHOP,1600
2026-06-02 15:59:00,GS SHOP,1611
2026-06-02 15:59:10,GS SHOP,1622
2026-06-02 15:59:20,GS SHOP,1660
2026-06-02 15:59:30,GS SHOP,1671
2026-06-02 15:59:40,GS SHOP,1671
2026-06-02 15:59:50,GS SHOP,1660
2026-06-02 16:00:00,GS SHOP,1679
2026-06-02 16:00:10,GS SHOP,1669
2026-06-02 16:00:20,GS SHOP,1675
2026-06-02 16:00:30,GS SHOP,1679
2026-06-02 16:00:40,GS SHOP,1688
2026-06-02 16:00:50,GS SHOP,1677
2026-06-02 16:01:00,GS SHOP,1677
2026-06-02 16:01:10,GS SHOP,1693
2026-06-02 16:01:20,GS SHOP,1724
2026-06-02 16:01:30,GS SHOP,1762
2026-06-02 16:01:40,GS SHOP,1750
2026-06-02 16:01:50,GS SHOP,1739
2026-06-02 16:02:00,GS SHOP,1726
2026-06-02 16:02:10,GS SHOP,1723
2026-06-02 16:02:20,GS SHOP,1759
2026-06-02 16:02:30,GS SHOP,1889
2026-06-02 16:02:40,GS SHOP,1962
2026-06-02 16:02:50,GS SHOP,2020
2026-06-02 16:03:00,GS SHOP,2022
2026-06-02 16:03:10,GS SHOP,2038
2026-06-02 15:42:00,신세계쇼핑,1717
2026-06-02 15:42:10,신세계쇼핑,1620
2026-06-02 15:42:20,신세계쇼핑,1578
2026-06-02 15:42:30,신세계쇼핑,1544
2026-06-02 15:42:40,신세계쇼핑,1527
2026-06-02 15:42:50,신세계쇼핑,1553
2026-06-02 15:43:00,신세계쇼핑,1594
2026-06-02 15:43:10,신세계쇼핑,1668
2026-06-02 15:43:20,신세계쇼핑,1769
2026-06-02 15:43:30,신세계쇼핑,1780
2026-06-02 15:43:40,신세계쇼핑,1778
2026-06-02 15:43:50,신세계쇼핑,1779
2026-06-02 15:44:00,신세계쇼핑,1755
2026-06-02 15:44:10,신세계쇼핑,1793
2026-06-02 15:44:20,신세계쇼핑,1796
2026-06-02 15:44:30,신세계쇼핑,1819
2026-06-02 15:44:40,신세계쇼핑,1818
2026-06-02 15:44:50,신세계쇼핑,1805
2026-06-02 15:45:00,신세계쇼핑,1807
2026-06-02 15:45:10,신세계쇼핑,1721
2026-06-02 15:45:20,신세계쇼핑,1614
2026-06-02 15:45:30,신세계쇼핑,1512
2026-06-02 15:45:40,신세계쇼핑,1485
2026-06-02 15:45:50,신세계쇼핑,1518
2026-06-02 15:46:00,신세계쇼핑,1541
2026-06-02 15:46:10,신세계쇼핑,1557
2026-06-02 15:46:20,신세계쇼핑,1550
2026-06-02 15:46:30,신세계쇼핑,1544
2026-06-02 15:46:40,신세계쇼핑,1515
2026-06-02 15:46:50,신세계쇼핑,1481
2026-06-02 15:47:00,신세계쇼핑,1421
2026-06-02 15:47:10,신세계쇼핑,1397
2026-06-02 15:47:20,신세계쇼핑,1398
2026-06-02 15:47:30,신세계쇼핑,1424
2026-06-02 15:47:40,신세계쇼핑,1424
2026-06-02 15:47:50,신세계쇼핑,1386
2026-06-02 15:48:00,신세계쇼핑,1334
2026-06-02 15:48:10,신세계쇼핑,1331
2026-06-02 15:48:20,신세계쇼핑,1281
2026-06-02 15:48:30,신세계쇼핑,1216
2026-06-02 15:48:40,신세계쇼핑,1202
2026-06-02 15:48:50,신세계쇼핑,1232
2026-06-02 15:49:00,신세계쇼핑,1256
2026-06-02 15:49:10,신세계쇼핑,1223
2026-06-02 15:49:20,신세계쇼핑,1161
2026-06-02 15:49:30,신세계쇼핑,1182
2026-06-02 15:49:40,신세계쇼핑,1195
2026-06-02 15:49:50,신세계쇼핑,1224
2026-06-02 15:50:00,신세계쇼핑,1260
2026-06-02 15:50:10,신세계쇼핑,1263
2026-06-02 15:50:20,신세계쇼핑,1231
2026-06-02 15:50:30,신세계쇼핑,1239
2026-06-02 15:50:40,신세계쇼핑,1229
2026-06-02 15:50:50,신세계쇼핑,1224
2026-06-02 15:51:00,신세계쇼핑,1225
2026-06-02 15:51:10,신세계쇼핑,1260
2026-06-02 15:51:20,신세계쇼핑,1304
2026-06-02 15:51:30,신세계쇼핑,1357
2026-06-02 15:51:40,신세계쇼핑,1412
2026-06-02 15:51:50,신세계쇼핑,1348
2026-06-02 15:52:00,신세계쇼핑,1273
2026-06-02 15:52:10,신세계쇼핑,1249
2026-06-02 15:52:20,신세계쇼핑,1258
2026-06-02 15:52:30,신세계쇼핑,1263
2026-06-02 15:52:40,신세계쇼핑,1308
2026-06-02 15:52:50,신세계쇼핑,1347
2026-06-02 15:53:00,신세계쇼핑,1400
2026-06-02 15:53:10,신세계쇼핑,1419
2026-06-02 15:53:20,신세계쇼핑,1412
2026-06-02 15:53:30,신세계쇼핑,1388
2026-06-02 15:53:40,신세계쇼핑,1403
2026-06-02 15:53:50,신세계쇼핑,1466
2026-06-02 15:54:00,신세계쇼핑,1509
2026-06-02 15:54:10,신세계쇼핑,1554
2026-06-02 15:54:20,신세계쇼핑,1586
2026-06-02 15:54:30,신세계쇼핑,1619
2026-06-02 15:54:40,신세계쇼핑,1561
2026-06-02 15:54:50,신세계쇼핑,1488
2026-06-02 15:55:00,신세계쇼핑,1446
2026-06-02 15:55:10,신세계쇼핑,1359
2026-06-02 15:55:20,신세계쇼핑,1332
2026-06-02 15:55:30,신세계쇼핑,1364
2026-06-02 15:55:40,신세계쇼핑,1442
2026-06-02 15:55:50,신세계쇼핑,1452
2026-06-02 15:56:00,신세계쇼핑,1406
2026-06-02 15:56:10,신세계쇼핑,1360
2026-06-02 15:56:20,신세계쇼핑,1336
2026-06-02 15:56:30,신세계쇼핑,1353
2026-06-02 15:56:40,신세계쇼핑,1423
2026-06-02 15:56:50,신세계쇼핑,1415
2026-06-02 15:57:00,신세계쇼핑,1404
2026-06-02 15:57:10,신세계쇼핑,1370
2026-06-02 15:57:20,신세계쇼핑,1332
2026-06-02 15:57:30,신세계쇼핑,1333
2026-06-02 15:57:40,신세계쇼핑,1338
2026-06-02 15:57:50,신세계쇼핑,1342
2026-06-02 15:58:00,신세계쇼핑,1316
2026-06-02 15:58:10,신세계쇼핑,1338
2026-06-02 15:58:20,신세계쇼핑,1315
2026-06-02 15:58:30,신세계쇼핑,1334
2026-06-02 15:58:40,신세계쇼핑,1355
2026-06-02 15:58:50,신세계쇼핑,1291
2026-06-02 15:59:00,신세계쇼핑,1301
2026-06-02 15:59:10,신세계쇼핑,1304
2026-06-02 15:59:20,신세계쇼핑,1288
2026-06-02 15:59:30,신세계쇼핑,1254
2026-06-02 15:59:40,신세계쇼핑,1183
2026-06-02 15:59:50,신세계쇼핑,1204
2026-06-02 16:00:00,신세계쇼핑,1238
2026-06-02 16:00:10,신세계쇼핑,1257
2026-06-02 16:00:20,신세계쇼핑,1273
2026-06-02 16:00:30,신세계쇼핑,1339
2026-06-02 16:00:40,신세계쇼핑,1366
2026-06-02 16:00:50,신세계쇼핑,1338
2026-06-02 16:01:00,신세계쇼핑,1248
2026-06-02 16:01:10,신세계쇼핑,1214
2026-06-02 16:01:20,신세계쇼핑,1266
2026-06-02 16:01:30,신세계쇼핑,1343
2026-06-02 16:01:40,신세계쇼핑,1380
2026-06-02 16:01:50,신세계쇼핑,1411
2026-06-02 16:02:00,신세계쇼핑,1445
2026-06-02 16:02:10,신세계쇼핑,1486
2026-06-02 16:02:20,신세계쇼핑,1447
2026-06-02 16:02:30,신세계쇼핑,1349
2026-06-02 16:02:40,신세계쇼핑,1258
2026-06-02 16:02:50,신세계쇼핑,1222
2026-06-02 16:03:00,신세계쇼핑,1232
2026-06-02 16:03:10,신세계쇼핑,1208
2026-06-02 15:42:00,공영쇼핑,1599
2026-06-02 15:42:10,공영쇼핑,1620
2026-06-02 15:42:20,공영쇼핑,1616
2026-06-02 15:42:30,공영쇼핑,1596
2026-06-02 15:42:40,공영쇼핑,1579
2026-06-02 15:42:50,공영쇼핑,1513
2026-06-02 15:43:00,공영쇼핑,1482
2026-06-02 15:43:10,공영쇼핑,1433
2026-06-02 15:43:20,공영쇼핑,1405
2026-06-02 15:43:30,공영쇼핑,1394
2026-06-02 15:43:40,공영쇼핑,1403
2026-06-02 15:43:50,공영쇼핑,1381
2026-06-02 15:44:00,공영쇼핑,1406
2026-06-02 15:44:10,공영쇼핑,1438
2026-06-02 15:44:20,공영쇼핑,1479
2026-06-02 15:44:30,공영쇼핑,1484
2026-06-02 15:44:40,공영쇼핑,1516
2026-06-02 15:44:50,공영쇼핑,1528
2026-06-02 15:45:00,공영쇼핑,1531
2026-06-02 15:45:10,공영쇼핑,1536
2026-06-02 15:45:20,공영쇼핑,1579
2026-06-02 15:45:30,공영쇼핑,1594
2026-06-02 15:45:40,공영쇼핑,1593
2026-06-02 15:45:50,공영쇼핑,1618
2026-06-02 15:46:00,공영쇼핑,1658
2026-06-02 15:46:10,공영쇼핑,1655
2026-06-02 15:46:20,공영쇼핑,1627
2026-06-02 15:46:30,공영쇼핑,1631
2026-06-02 15:46:40,공영쇼핑,1649
2026-06-02 15:46:50,공영쇼핑,1693
2026-06-02 15:47:00,공영쇼핑,1624
2026-06-02 15:47:10,공영쇼핑,1639
2026-06-02 15:47:20,공영쇼핑,1690
2026-06-02 15:47:30,공영쇼핑,1703
2026-06-02 15:47:40,공영쇼핑,1657
2026-06-02 15:47:50,공영쇼핑,1683
2026-06-02 15:48:00,공영쇼핑,1678
2026-06-02 15:48:10,공영쇼핑,1708
2026-06-02 15:48:20,공영쇼핑,1720
2026-06-02 15:48:30,공영쇼핑,1727
2026-06-02 15:48:40,공영쇼핑,1788
2026-06-02 15:48:50,공영쇼핑,1826
2026-06-02 15:49:00,공영쇼핑,1839
2026-06-02 15:49:10,공영쇼핑,1833
2026-06-02 15:49:20,공영쇼핑,1864
2026-06-02 15:49:30,공영쇼핑,1874
2026-06-02 15:49:40,공영쇼핑,1824
2026-06-02 15:49:50,공영쇼핑,1744
2026-06-02 15:50:00,공영쇼핑,1691
2026-06-02 15:50:10,공영쇼핑,1735
2026-06-02 15:50:20,공영쇼핑,1800
2026-06-02 15:50:30,공영쇼핑,1898
2026-06-02 15:50:40,공영쇼핑,1998
2026-06-02 15:50:50,공영쇼핑,2034
2026-06-02 15:51:00,공영쇼핑,2095
2026-06-02 15:51:10,공영쇼핑,2090
2026-06-02 15:51:20,공영쇼핑,2003
2026-06-02 15:51:30,공영쇼핑,1961
2026-06-02 15:51:40,공영쇼핑,1871
2026-06-02 15:51:50,공영쇼핑,1932
2026-06-02 15:52:00,공영쇼핑,1962
2026-06-02 15:52:10,공영쇼핑,1970
2026-06-02 15:52:20,공영쇼핑,2081
2026-06-02 15:52:30,공영쇼핑,2076
2026-06-02 15:52:40,공영쇼핑,1999
2026-06-02 15:52:50,공영쇼핑,1873
2026-06-02 15:53:00,공영쇼핑,1777
2026-06-02 15:53:10,공영쇼핑,1659
2026-06-02 15:53:20,공영쇼핑,1605
2026-06-02 15:53:30,공영쇼핑,1605
2026-06-02 15:53:40,공영쇼핑,1601
2026-06-02 15:53:50,공영쇼핑,1583
2026-06-02 15:54:00,공영쇼핑,1557
2026-06-02 15:54:10,공영쇼핑,1530
2026-06-02 15:54:20,공영쇼핑,1542
2026-06-02 15:54:30,공영쇼핑,1551
2026-06-02 15:54:40,공영쇼핑,1557
2026-06-02 15:54:50,공영쇼핑,1548
2026-06-02 15:55:00,공영쇼핑,1579
2026-06-02 15:55:10,공영쇼핑,1582
2026-06-02 15:55:20,공영쇼핑,1583
2026-06-02 15:55:30,공영쇼핑,1598
2026-06-02 15:55:40,공영쇼핑,1620
2026-06-02 15:55:50,공영쇼핑,1620
2026-06-02 15:56:00,공영쇼핑,1613
2026-06-02 15:56:10,공영쇼핑,1626
2026-06-02 15:56:20,공영쇼핑,1659
2026-06-02 15:56:30,공영쇼핑,1673
2026-06-02 15:56:40,공영쇼핑,1695
2026-06-02 15:56:50,공영쇼핑,1736
2026-06-02 15:57:00,공영쇼핑,1786
2026-06-02 15:57:10,공영쇼핑,1779
2026-06-02 15:57:20,공영쇼핑,1789
2026-06-02 15:57:30,공영쇼핑,1778
2026-06-02 15:57:40,공영쇼핑,1805
2026-06-02 15:57:50,공영쇼핑,1832
2026-06-02 15:58:00,공영쇼핑,1879
2026-06-02 15:58:10,공영쇼핑,1857
2026-06-02 15:58:20,공영쇼핑,1864
2026-06-02 15:58:30,공영쇼핑,1823
2026-06-02 15:58:40,공영쇼핑,1797
2026-06-02 15:58:50,공영쇼핑,1798
2026-06-02 15:59:00,공영쇼핑,1814
2026-06-02 15:59:10,공영쇼핑,1801
2026-06-02 15:59:20,공영쇼핑,1843
2026-06-02 15:59:30,공영쇼핑,1887
2026-06-02 15:59:40,공영쇼핑,1961
2026-06-02 15:59:50,공영쇼핑,2073
2026-06-02 16:00:00,공영쇼핑,2206
2026-06-02 16:00:10,공영쇼핑,2269
2026-06-02 16:00:20,공영쇼핑,2335
2026-06-02 16:00:30,공영쇼핑,2415
2026-06-02 16:00:40,공영쇼핑,2503
2026-06-02 16:00:50,공영쇼핑,2651
2026-06-02 16:01:00,공영쇼핑,2616
2026-06-02 16:01:10,공영쇼핑,2549
2026-06-02 16:01:20,공영쇼핑,2560
2026-06-02 16:01:30,공영쇼핑,2553
2026-06-02 16:01:40,공영쇼핑,2485
2026-06-02 16:01:50,공영쇼핑,2383
2026-06-02 16:02:00,공영쇼핑,2316
2026-06-02 16:02:10,공영쇼핑,2368
2026-06-02 16:02:20,공영쇼핑,2394
2026-06-02 16:02:30,공영쇼핑,2377
2026-06-02 16:02:40,공영쇼핑,2313
2026-06-02 16:02:50,공영쇼핑,2255
2026-06-02 16:03:00,공영쇼핑,2165
2026-06-02 16:03:10,공영쇼핑,2094
2026-06-02 15:42:00,롯데홈쇼핑,1583
2026-06-02 15:42:10,롯데홈쇼핑,1589
2026-06-02 15:42:20,롯데홈쇼핑,1600
2026-06-02 15:42:30,롯데홈쇼핑,1609
2026-06-02 15:42:40,롯데홈쇼핑,1621
2026-06-02 15:42:50,롯데홈쇼핑,1633
2026-06-02 15:43:00,롯데홈쇼핑,1648
2026-06-02 15:43:10,롯데홈쇼핑,1656
2026-06-02 15:43:20,롯데홈쇼핑,1675
2026-06-02 15:43:30,롯데홈쇼핑,1674
2026-06-02 15:43:40,롯데홈쇼핑,1642
2026-06-02 15:43:50,롯데홈쇼핑,1632
2026-06-02 15:44:00,롯데홈쇼핑,1633
2026-06-02 15:44:10,롯데홈쇼핑,1648
2026-06-02 15:44:20,롯데홈쇼핑,1650
2026-06-02 15:44:30,롯데홈쇼핑,1668
2026-06-02 15:44:40,롯데홈쇼핑,1701
2026-06-02 15:44:50,롯데홈쇼핑,1731
2026-06-02 15:45:00,롯데홈쇼핑,1740
2026-06-02 15:45:10,롯데홈쇼핑,1742
2026-06-02 15:45:20,롯데홈쇼핑,1741
2026-06-02 15:45:30,롯데홈쇼핑,1745
2026-06-02 15:45:40,롯데홈쇼핑,1736
2026-06-02 15:45:50,롯데홈쇼핑,1731
2026-06-02 15:46:00,롯데홈쇼핑,1739
2026-06-02 15:46:10,롯데홈쇼핑,1740
2026-06-02 15:46:20,롯데홈쇼핑,1728
2026-06-02 15:46:30,롯데홈쇼핑,1691
2026-06-02 15:46:40,롯데홈쇼핑,1676
2026-06-02 15:46:50,롯데홈쇼핑,1660
2026-06-02 15:47:00,롯데홈쇼핑,1614
2026-06-02 15:47:10,롯데홈쇼핑,1613
2026-06-02 15:47:20,롯데홈쇼핑,1619
2026-06-02 15:47:30,롯데홈쇼핑,1621
2026-06-02 15:47:40,롯데홈쇼핑,1645
2026-06-02 15:47:50,롯데홈쇼핑,1643
2026-06-02 15:48:00,롯데홈쇼핑,1642
2026-06-02 15:48:10,롯데홈쇼핑,1665
2026-06-02 15:48:20,롯데홈쇼핑,1652
2026-06-02 15:48:30,롯데홈쇼핑,1646
2026-06-02 15:48:40,롯데홈쇼핑,1654
2026-06-02 15:48:50,롯데홈쇼핑,1691
2026-06-02 15:49:00,롯데홈쇼핑,1731
2026-06-02 15:49:10,롯데홈쇼핑,1751
2026-06-02 15:49:20,롯데홈쇼핑,1743
2026-06-02 15:49:30,롯데홈쇼핑,1690
2026-06-02 15:49:40,롯데홈쇼핑,1669
2026-06-02 15:49:50,롯데홈쇼핑,1616
2026-06-02 15:50:00,롯데홈쇼핑,1605
2026-06-02 15:50:10,롯데홈쇼핑,1601
2026-06-02 15:50:20,롯데홈쇼핑,1630
2026-06-02 15:50:30,롯데홈쇼핑,1648
2026-06-02 15:50:40,롯데홈쇼핑,1667
2026-06-02 15:50:50,롯데홈쇼핑,1695
2026-06-02 15:51:00,롯데홈쇼핑,1715
2026-06-02 15:51:10,롯데홈쇼핑,1721
2026-06-02 15:51:20,롯데홈쇼핑,1709
2026-06-02 15:51:30,롯데홈쇼핑,1720
2026-06-02 15:51:40,롯데홈쇼핑,1713
2026-06-02 15:51:50,롯데홈쇼핑,1705
2026-06-02 15:52:00,롯데홈쇼핑,1682
2026-06-02 15:52:10,롯데홈쇼핑,1692
2026-06-02 15:52:20,롯데홈쇼핑,1712
2026-06-02 15:52:30,롯데홈쇼핑,1731
2026-06-02 15:52:40,롯데홈쇼핑,1720
2026-06-02 15:52:50,롯데홈쇼핑,1709
2026-06-02 15:53:00,롯데홈쇼핑,1699
2026-06-02 15:53:10,롯데홈쇼핑,1685
2026-06-02 15:53:20,롯데홈쇼핑,1705
2026-06-02 15:53:30,롯데홈쇼핑,1742
2026-06-02 15:53:40,롯데홈쇼핑,1776
2026-06-02 15:53:50,롯데홈쇼핑,1822
2026-06-02 15:54:00,롯데홈쇼핑,1846
2026-06-02 15:54:10,롯데홈쇼핑,1887
2026-06-02 15:54:20,롯데홈쇼핑,1921
2026-06-02 15:54:30,롯데홈쇼핑,1932
2026-06-02 15:54:40,롯데홈쇼핑,1966
2026-06-02 15:54:50,롯데홈쇼핑,1991
2026-06-02 15:55:00,롯데홈쇼핑,1993
2026-06-02 15:55:10,롯데홈쇼핑,1983
2026-06-02 15:55:20,롯데홈쇼핑,1946
2026-06-02 15:55:30,롯데홈쇼핑,1926
2026-06-02 15:55:40,롯데홈쇼핑,1900
2026-06-02 15:55:50,롯데홈쇼핑,1908
2026-06-02 15:56:00,롯데홈쇼핑,1954
2026-06-02 15:56:10,롯데홈쇼핑,1997
2026-06-02 15:56:20,롯데홈쇼핑,2025
2026-06-02 15:56:30,롯데홈쇼핑,2050
2026-06-02 15:56:40,롯데홈쇼핑,2051
2026-06-02 15:56:50,롯데홈쇼핑,1999
2026-06-02 15:57:00,롯데홈쇼핑,1972
2026-06-02 15:57:10,롯데홈쇼핑,1967
2026-06-02 15:57:20,롯데홈쇼핑,1979
2026-06-02 15:57:30,롯데홈쇼핑,2016
2026-06-02 15:57:40,롯데홈쇼핑,2053
2026-06-02 15:57:50,롯데홈쇼핑,2058
2026-06-02 15:58:00,롯데홈쇼핑,2020
2026-06-02 15:58:10,롯데홈쇼핑,1989
2026-06-02 15:58:20,롯데홈쇼핑,1976
2026-06-02 15:58:30,롯데홈쇼핑,2015
2026-06-02 15:58:40,롯데홈쇼핑,2070
2026-06-02 15:58:50,롯데홈쇼핑,2116
2026-06-02 15:59:00,롯데홈쇼핑,2109
2026-06-02 15:59:10,롯데홈쇼핑,2050
2026-06-02 15:59:20,롯데홈쇼핑,2049
2026-06-02 15:59:30,롯데홈쇼핑,2062
2026-06-02 15:59:40,롯데홈쇼핑,2081
2026-06-02 15:59:50,롯데홈쇼핑,2135
2026-06-02 16:00:00,롯데홈쇼핑,2186
2026-06-02 16:00:10,롯데홈쇼핑,2147
2026-06-02 16:00:20,롯데홈쇼핑,2079
2026-06-02 16:00:30,롯데홈쇼핑,2080
2026-06-02 16:00:40,롯데홈쇼핑,2099
2026-06-02 16:00:50,롯데홈쇼핑,2157
2026-06-02 16:01:00,롯데홈쇼핑,2236
2026-06-02 16:01:10,롯데홈쇼핑,2281
2026-06-02 16:01:20,롯데홈쇼핑,2312
2026-06-02 16:01:30,롯데홈쇼핑,2263
2026-06-02 16:01:40,롯데홈쇼핑,2213
2026-06-02 16:01:50,롯데홈쇼핑,2126
2026-06-02 16:02:00,롯데홈쇼핑,2068
2026-06-02 16:02:10,롯데홈쇼핑,2031
2026-06-02 16:02:20,롯데홈쇼핑,2011
2026-06-02 16:02:30,롯데홈쇼핑,2012
2026-06-02 16:02:40,롯데홈쇼핑,2029
2026-06-02 16:02:50,롯데홈쇼핑,2091
2026-06-02 16:03:00,롯데홈쇼핑,2179
2026-06-02 16:03:10,롯데홈쇼핑,2177
2026-06-02 15:42:00,현대홈쇼핑+샵,1324
2026-06-02 15:42:10,현대홈쇼핑+샵,1257
2026-06-02 15:42:20,현대홈쇼핑+샵,1232
2026-06-02 15:42:30,현대홈쇼핑+샵,1207
2026-06-02 15:42:40,현대홈쇼핑+샵,1196
2026-06-02 15:42:50,현대홈쇼핑+샵,1224
2026-06-02 15:43:00,현대홈쇼핑+샵,1228
2026-06-02 15:43:10,현대홈쇼핑+샵,1202
2026-06-02 15:43:20,현대홈쇼핑+샵,1185
2026-06-02 15:43:30,현대홈쇼핑+샵,1203
2026-06-02 15:43:40,현대홈쇼핑+샵,1213
2026-06-02 15:43:50,현대홈쇼핑+샵,1255
2026-06-02 15:44:00,현대홈쇼핑+샵,1290
2026-06-02 15:44:10,현대홈쇼핑+샵,1311
2026-06-02 15:44:20,현대홈쇼핑+샵,1347
2026-06-02 15:44:30,현대홈쇼핑+샵,1351
2026-06-02 15:44:40,현대홈쇼핑+샵,1346
2026-06-02 15:44:50,현대홈쇼핑+샵,1366
2026-06-02 15:45:00,현대홈쇼핑+샵,1398
2026-06-02 15:45:10,현대홈쇼핑+샵,1471
2026-06-02 15:45:20,현대홈쇼핑+샵,1535
2026-06-02 15:45:30,현대홈쇼핑+샵,1608
2026-06-02 15:45:40,현대홈쇼핑+샵,1692
2026-06-02 15:45:50,현대홈쇼핑+샵,1729
2026-06-02 15:46:00,현대홈쇼핑+샵,1750
2026-06-02 15:46:10,현대홈쇼핑+샵,1750
2026-06-02 15:46:20,현대홈쇼핑+샵,1735
2026-06-02 15:46:30,현대홈쇼핑+샵,1672
2026-06-02 15:46:40,현대홈쇼핑+샵,1651
2026-06-02 15:46:50,현대홈쇼핑+샵,1677
2026-06-02 15:47:00,현대홈쇼핑+샵,1686
2026-06-02 15:47:10,현대홈쇼핑+샵,1778
2026-06-02 15:47:20,현대홈쇼핑+샵,1897
2026-06-02 15:47:30,현대홈쇼핑+샵,1950
2026-06-02 15:47:40,현대홈쇼핑+샵,1932
2026-06-02 15:47:50,현대홈쇼핑+샵,1929
2026-06-02 15:48:00,현대홈쇼핑+샵,1943
2026-06-02 15:48:10,현대홈쇼핑+샵,1988
2026-06-02 15:48:20,현대홈쇼핑+샵,1947
2026-06-02 15:48:30,현대홈쇼핑+샵,1886
2026-06-02 15:48:40,현대홈쇼핑+샵,1796
2026-06-02 15:48:50,현대홈쇼핑+샵,1755
2026-06-02 15:49:00,현대홈쇼핑+샵,1689
2026-06-02 15:49:10,현대홈쇼핑+샵,1639
2026-06-02 15:49:20,현대홈쇼핑+샵,1530
2026-06-02 15:49:30,현대홈쇼핑+샵,1442
2026-06-02 15:49:40,현대홈쇼핑+샵,1450
2026-06-02 15:49:50,현대홈쇼핑+샵,1425
2026-06-02 15:50:00,현대홈쇼핑+샵,1419
2026-06-02 15:50:10,현대홈쇼핑+샵,1425
2026-06-02 15:50:20,현대홈쇼핑+샵,1400
2026-06-02 15:50:30,현대홈쇼핑+샵,1398
2026-06-02 15:50:40,현대홈쇼핑+샵,1375
2026-06-02 15:50:50,현대홈쇼핑+샵,1339
2026-06-02 15:51:00,현대홈쇼핑+샵,1307
2026-06-02 15:51:10,현대홈쇼핑+샵,1276
2026-06-02 15:51:20,현대홈쇼핑+샵,1262
2026-06-02 15:51:30,현대홈쇼핑+샵,1225
2026-06-02 15:51:40,현대홈쇼핑+샵,1207
2026-06-02 15:51:50,현대홈쇼핑+샵,1208
2026-06-02 15:52:00,현대홈쇼핑+샵,1199
2026-06-02 15:52:10,현대홈쇼핑+샵,1198
2026-06-02 15:52:20,현대홈쇼핑+샵,1217
2026-06-02 15:52:30,현대홈쇼핑+샵,1248
2026-06-02 15:52:40,현대홈쇼핑+샵,1257
2026-06-02 15:52:50,현대홈쇼핑+샵,1231
2026-06-02 15:53:00,현대홈쇼핑+샵,1222
2026-06-02 15:53:10,현대홈쇼핑+샵,1238
2026-06-02 15:53:20,현대홈쇼핑+샵,1254
2026-06-02 15:53:30,현대홈쇼핑+샵,1294
2026-06-02 15:53:40,현대홈쇼핑+샵,1323
2026-06-02 15:53:50,현대홈쇼핑+샵,1345
2026-06-02 15:54:00,현대홈쇼핑+샵,1349
2026-06-02 15:54:10,현대홈쇼핑+샵,1375
2026-06-02 15:54:20,현대홈쇼핑+샵,1378
2026-06-02 15:54:30,현대홈쇼핑+샵,1382
2026-06-02 15:54:40,현대홈쇼핑+샵,1406
2026-06-02 15:54:50,현대홈쇼핑+샵,1416
2026-06-02 15:55:00,현대홈쇼핑+샵,1428
2026-06-02 15:55:10,현대홈쇼핑+샵,1433
2026-06-02 15:55:20,현대홈쇼핑+샵,1451
2026-06-02 15:55:30,현대홈쇼핑+샵,1507
2026-06-02 15:55:40,현대홈쇼핑+샵,1585
2026-06-02 15:55:50,현대홈쇼핑+샵,1657
2026-06-02 15:56:00,현대홈쇼핑+샵,1706
2026-06-02 15:56:10,현대홈쇼핑+샵,1721
2026-06-02 15:56:20,현대홈쇼핑+샵,1756
2026-06-02 15:56:30,현대홈쇼핑+샵,1765
2026-06-02 15:56:40,현대홈쇼핑+샵,1742
2026-06-02 15:56:50,현대홈쇼핑+샵,1711
2026-06-02 15:57:00,현대홈쇼핑+샵,1715
2026-06-02 15:57:10,현대홈쇼핑+샵,1711
2026-06-02 15:57:20,현대홈쇼핑+샵,1767
2026-06-02 15:57:30,현대홈쇼핑+샵,1881
2026-06-02 15:57:40,현대홈쇼핑+샵,1933
2026-06-02 15:57:50,현대홈쇼핑+샵,1903
2026-06-02 15:58:00,현대홈쇼핑+샵,1893
2026-06-02 15:58:10,현대홈쇼핑+샵,1919
2026-06-02 15:58:20,현대홈쇼핑+샵,1930
2026-06-02 15:58:30,현대홈쇼핑+샵,1866
2026-06-02 15:58:40,현대홈쇼핑+샵,1829
2026-06-02 15:58:50,현대홈쇼핑+샵,1801
2026-06-02 15:59:00,현대홈쇼핑+샵,1752
2026-06-02 15:59:10,현대홈쇼핑+샵,1723
2026-06-02 15:59:20,현대홈쇼핑+샵,1710
2026-06-02 15:59:30,현대홈쇼핑+샵,1677
2026-06-02 15:59:40,현대홈쇼핑+샵,1598
2026-06-02 15:59:50,현대홈쇼핑+샵,1561
2026-06-02 16:00:00,현대홈쇼핑+샵,1557
2026-06-02 16:00:10,현대홈쇼핑+샵,1516
2026-06-02 16:00:20,현대홈쇼핑+샵,1504
2026-06-02 16:00:30,현대홈쇼핑+샵,1480
2026-06-02 16:00:40,현대홈쇼핑+샵,1443
2026-06-02 16:00:50,현대홈쇼핑+샵,1403
2026-06-02 16:01:00,현대홈쇼핑+샵,1381
2026-06-02 16:01:10,현대홈쇼핑+샵,1353
2026-06-02 16:01:20,현대홈쇼핑+샵,1297
2026-06-02 16:01:30,현대홈쇼핑+샵,1256
2026-06-02 16:01:40,현대홈쇼핑+샵,1244
2026-06-02 16:01:50,현대홈쇼핑+샵,1205
2026-06-02 16:02:00,현대홈쇼핑+샵,1197
2026-06-02 16:02:10,현대홈쇼핑+샵,1189
2026-06-02 16:02:20,현대홈쇼핑+샵,1174
2026-06-02 16:02:30,현대홈쇼핑+샵,1203
2026-06-02 16:02:40,현대홈쇼핑+샵,1199
2026-06-02 16:02:50,현대홈쇼핑+샵,1177
2026-06-02 16:03:00,현대홈쇼핑+샵,1154
2026-06-02 16:03:10,현대홈쇼핑+샵,1125
2026-06-02 15:42:00,W쇼핑,1237
2026-06-02 15:42:10,W쇼핑,1217
2026-06-02 15:42:20,W쇼핑,1199
2026-06-02 15:42:30,W쇼핑,1176
2026-06-02 15:42:40,W쇼핑,1172
2026-06-02 15:42:50,W쇼핑,1118
2026-06-02 15:43:00,W쇼핑,1056
2026-06-02 15:43:10,W쇼핑,1058
2026-06-02 15:43:20,W쇼핑,1038
2026-06-02 15:43:30,W쇼핑,1032
2026-06-02 15:43:40,W쇼핑,1040
2026-06-02 15:43:50,W쇼핑,1046
2026-06-02 15:44:00,W쇼핑,1059
2026-06-02 15:44:10,W쇼핑,1065
2026-06-02 15:44:20,W쇼핑,1064
2026-06-02 15:44:30,W쇼핑,1039
2026-06-02 15:44:40,W쇼핑,1050
2026-06-02 15:44:50,W쇼핑,1068
2026-06-02 15:45:00,W쇼핑,1059
2026-06-02 15:45:10,W쇼핑,1067
2026-06-02 15:45:20,W쇼핑,1062
2026-06-02 15:45:30,W쇼핑,1091
2026-06-02 15:45:40,W쇼핑,1136
2026-06-02 15:45:50,W쇼핑,1172
2026-06-02 15:46:00,W쇼핑,1181
2026-06-02 15:46:10,W쇼핑,1183
2026-06-02 15:46:20,W쇼핑,1224
2026-06-02 15:46:30,W쇼핑,1274
2026-06-02 15:46:40,W쇼핑,1284
2026-06-02 15:46:50,W쇼핑,1286
2026-06-02 15:47:00,W쇼핑,1303
2026-06-02 15:47:10,W쇼핑,1264
2026-06-02 15:47:20,W쇼핑,1247
2026-06-02 15:47:30,W쇼핑,1239
2026-06-02 15:47:40,W쇼핑,1205
2026-06-02 15:47:50,W쇼핑,1220
2026-06-02 15:48:00,W쇼핑,1244
2026-06-02 15:48:10,W쇼핑,1316
2026-06-02 15:48:20,W쇼핑,1358
2026-06-02 15:48:30,W쇼핑,1337
2026-06-02 15:48:40,W쇼핑,1320
2026-06-02 15:48:50,W쇼핑,1279
2026-06-02 15:49:00,W쇼핑,1238
2026-06-02 15:49:10,W쇼핑,1245
2026-06-02 15:49:20,W쇼핑,1211
2026-06-02 15:49:30,W쇼핑,1167
2026-06-02 15:49:40,W쇼핑,1136
2026-06-02 15:49:50,W쇼핑,1152
2026-06-02 15:50:00,W쇼핑,1156
2026-06-02 15:50:10,W쇼핑,1106
2026-06-02 15:50:20,W쇼핑,1067
2026-06-02 15:50:30,W쇼핑,1010
2026-06-02 15:50:40,W쇼핑,1028
2026-06-02 15:50:50,W쇼핑,1054
2026-06-02 15:51:00,W쇼핑,1071
2026-06-02 15:51:10,W쇼핑,1038
2026-06-02 15:51:20,W쇼핑,988
2026-06-02 15:51:30,W쇼핑,969
2026-06-02 15:51:40,W쇼핑,1004
2026-06-02 15:51:50,W쇼핑,1010
2026-06-02 15:52:00,W쇼핑,1026
2026-06-02 15:52:10,W쇼핑,1029
2026-06-02 15:52:20,W쇼핑,1052
2026-06-02 15:52:30,W쇼핑,1075
2026-06-02 15:52:40,W쇼핑,1094
2026-06-02 15:52:50,W쇼핑,1119
2026-06-02 15:53:00,W쇼핑,1135
2026-06-02 15:53:10,W쇼핑,1170
2026-06-02 15:53:20,W쇼핑,1194
2026-06-02 15:53:30,W쇼핑,1193
2026-06-02 15:53:40,W쇼핑,1206
2026-06-02 15:53:50,W쇼핑,1215
2026-06-02 15:54:00,W쇼핑,1210
2026-06-02 15:54:10,W쇼핑,1164
2026-06-02 15:54:20,W쇼핑,1192
2026-06-02 15:54:30,W쇼핑,1177
2026-06-02 15:54:40,W쇼핑,1210
2026-06-02 15:54:50,W쇼핑,1160
2026-06-02 15:55:00,W쇼핑,1073
2026-06-02 15:55:10,W쇼핑,1073
2026-06-02 15:55:20,W쇼핑,1063
2026-06-02 15:55:30,W쇼핑,1033
2026-06-02 15:55:40,W쇼핑,1069
2026-06-02 15:55:50,W쇼핑,1065
2026-06-02 15:56:00,W쇼핑,1097
2026-06-02 15:56:10,W쇼핑,1106
2026-06-02 15:56:20,W쇼핑,1130
2026-06-02 15:56:30,W쇼핑,1120
2026-06-02 15:56:40,W쇼핑,1078
2026-06-02 15:56:50,W쇼핑,1078
2026-06-02 15:57:00,W쇼핑,1075
2026-06-02 15:57:10,W쇼핑,1072
2026-06-02 15:57:20,W쇼핑,1055
2026-06-02 15:57:30,W쇼핑,1061
2026-06-02 15:57:40,W쇼핑,1096
2026-06-02 15:57:50,W쇼핑,1140
2026-06-02 15:58:00,W쇼핑,1180
2026-06-02 15:58:10,W쇼핑,1173
2026-06-02 15:58:20,W쇼핑,1211
2026-06-02 15:58:30,W쇼핑,1234
2026-06-02 15:58:40,W쇼핑,1230
2026-06-02 15:58:50,W쇼핑,1245
2026-06-02 15:59:00,W쇼핑,1274
2026-06-02 15:59:10,W쇼핑,1287
2026-06-02 15:59:20,W쇼핑,1319
2026-06-02 15:59:30,W쇼핑,1362
2026-06-02 15:59:40,W쇼핑,1325
2026-06-02 15:59:50,W쇼핑,1348
2026-06-02 16:00:00,W쇼핑,1379
2026-06-02 16:00:10,W쇼핑,1413
2026-06-02 16:00:20,W쇼핑,1449
2026-06-02 16:00:30,W쇼핑,1410
2026-06-02 16:00:40,W쇼핑,1359
2026-06-02 16:00:50,W쇼핑,1287
2026-06-02 16:01:00,W쇼핑,1261
2026-06-02 16:01:10,W쇼핑,1258
2026-06-02 16:01:20,W쇼핑,1245
2026-06-02 16:01:30,W쇼핑,1202
2026-06-02 16:01:40,W쇼핑,1225
2026-06-02 16:01:50,W쇼핑,1212
2026-06-02 16:02:00,W쇼핑,1245
2026-06-02 16:02:10,W쇼핑,1249
2026-06-02 16:02:20,W쇼핑,1241
2026-06-02 16:02:30,W쇼핑,1209
2026-06-02 16:02:40,W쇼핑,1199
2026-06-02 16:02:50,W쇼핑,1192
2026-06-02 16:03:00,W쇼핑,1038
2026-06-02 16:03:10,W쇼핑,855
2026-06-02 15:42:00,SK 스토아,1113
2026-06-02 15:42:10,SK 스토아,1138
2026-06-02 15:42:20,SK 스토아,1160
2026-06-02 15:42:30,SK 스토아,1156
2026-06-02 15:42:40,SK 스토아,1162
2026-06-02 15:42:50,SK 스토아,1227
2026-06-02 15:43:00,SK 스토아,1261
2026-06-02 15:43:10,SK 스토아,1176
2026-06-02 15:43:20,SK 스토아,1099
2026-06-02 15:43:30,SK 스토아,1074
2026-06-02 15:43:40,SK 스토아,1083
2026-06-02 15:43:50,SK 스토아,1074
2026-06-02 15:44:00,SK 스토아,1090
2026-06-02 15:44:10,SK 스토아,1100
2026-06-02 15:44:20,SK 스토아,1101
2026-06-02 15:44:30,SK 스토아,1062
2026-06-02 15:44:40,SK 스토아,1063
2026-06-02 15:44:50,SK 스토아,1074
2026-06-02 15:45:00,SK 스토아,1100
2026-06-02 15:45:10,SK 스토아,1119
2026-06-02 15:45:20,SK 스토아,1166
2026-06-02 15:45:30,SK 스토아,1221
2026-06-02 15:45:40,SK 스토아,1230
2026-06-02 15:45:50,SK 스토아,1214
2026-06-02 15:46:00,SK 스토아,1158
2026-06-02 15:46:10,SK 스토아,1132
2026-06-02 15:46:20,SK 스토아,1151
2026-06-02 15:46:30,SK 스토아,1129
2026-06-02 15:46:40,SK 스토아,1131
2026-06-02 15:46:50,SK 스토아,1131
2026-06-02 15:47:00,SK 스토아,1100
2026-06-02 15:47:10,SK 스토아,1089
2026-06-02 15:47:20,SK 스토아,1092
2026-06-02 15:47:30,SK 스토아,1065
2026-06-02 15:47:40,SK 스토아,1036
2026-06-02 15:47:50,SK 스토아,1046
2026-06-02 15:48:00,SK 스토아,1057
2026-06-02 15:48:10,SK 스토아,1069
2026-06-02 15:48:20,SK 스토아,1084
2026-06-02 15:48:30,SK 스토아,1115
2026-06-02 15:48:40,SK 스토아,1118
2026-06-02 15:48:50,SK 스토아,1128
2026-06-02 15:49:00,SK 스토아,1121
2026-06-02 15:49:10,SK 스토아,1141
2026-06-02 15:49:20,SK 스토아,1142
2026-06-02 15:49:30,SK 스토아,1114
2026-06-02 15:49:40,SK 스토아,1118
2026-06-02 15:49:50,SK 스토아,1108
2026-06-02 15:50:00,SK 스토아,1064
2026-06-02 15:50:10,SK 스토아,1087
2026-06-02 15:50:20,SK 스토아,1112
2026-06-02 15:50:30,SK 스토아,1083
2026-06-02 15:50:40,SK 스토아,1052
2026-06-02 15:50:50,SK 스토아,1003
2026-06-02 15:51:00,SK 스토아,991
2026-06-02 15:51:10,SK 스토아,1007
2026-06-02 15:51:20,SK 스토아,1029
2026-06-02 15:51:30,SK 스토아,1029
2026-06-02 15:51:40,SK 스토아,1013
2026-06-02 15:51:50,SK 스토아,1011
2026-06-02 15:52:00,SK 스토아,1010
2026-06-02 15:52:10,SK 스토아,1002
2026-06-02 15:52:20,SK 스토아,1026
2026-06-02 15:52:30,SK 스토아,1073
2026-06-02 15:52:40,SK 스토아,1121
2026-06-02 15:52:50,SK 스토아,1180
2026-06-02 15:53:00,SK 스토아,1197
2026-06-02 15:53:10,SK 스토아,1202
2026-06-02 15:53:20,SK 스토아,1189
2026-06-02 15:53:30,SK 스토아,1172
2026-06-02 15:53:40,SK 스토아,1163
2026-06-02 15:53:50,SK 스토아,1180
2026-06-02 15:54:00,SK 스토아,1197
2026-06-02 15:54:10,SK 스토아,1185
2026-06-02 15:54:20,SK 스토아,1110
2026-06-02 15:54:30,SK 스토아,1111
2026-06-02 15:54:40,SK 스토아,1124
2026-06-02 15:54:50,SK 스토아,1140
2026-06-02 15:55:00,SK 스토아,1186
2026-06-02 15:55:10,SK 스토아,1228
2026-06-02 15:55:20,SK 스토아,1191
2026-06-02 15:55:30,SK 스토아,1132
2026-06-02 15:55:40,SK 스토아,1122
2026-06-02 15:55:50,SK 스토아,1105
2026-06-02 15:56:00,SK 스토아,1121
2026-06-02 15:56:10,SK 스토아,1164
2026-06-02 15:56:20,SK 스토아,1214
2026-06-02 15:56:30,SK 스토아,1204
2026-06-02 15:56:40,SK 스토아,1203
2026-06-02 15:56:50,SK 스토아,1207
2026-06-02 15:57:00,SK 스토아,1211
2026-06-02 15:57:10,SK 스토아,1248
2026-06-02 15:57:20,SK 스토아,1263
2026-06-02 15:57:30,SK 스토아,1272
2026-06-02 15:57:40,SK 스토아,1269
2026-06-02 15:57:50,SK 스토아,1282
2026-06-02 15:58:00,SK 스토아,1368
2026-06-02 15:58:10,SK 스토아,1438
2026-06-02 15:58:20,SK 스토아,1473
2026-06-02 15:58:30,SK 스토아,1508
2026-06-02 15:58:40,SK 스토아,1489
2026-06-02 15:58:50,SK 스토아,1483
2026-06-02 15:59:00,SK 스토아,1460
2026-06-02 15:59:10,SK 스토아,1460
2026-06-02 15:59:20,SK 스토아,1427
2026-06-02 15:59:30,SK 스토아,1561
2026-06-02 15:59:40,SK 스토아,1764
2026-06-02 15:59:50,SK 스토아,1882
2026-06-02 16:00:00,SK 스토아,1896
2026-06-02 16:00:10,SK 스토아,1881
2026-06-02 16:00:20,SK 스토아,1827
2026-06-02 16:00:30,SK 스토아,1719
2026-06-02 16:00:40,SK 스토아,1579
2026-06-02 16:00:50,SK 스토아,1416
2026-06-02 16:01:00,SK 스토아,1272
2026-06-02 16:01:10,SK 스토아,1185
2026-06-02 16:01:20,SK 스토아,1160
2026-06-02 16:01:30,SK 스토아,1184
2026-06-02 16:01:40,SK 스토아,1197
2026-06-02 16:01:50,SK 스토아,1188
2026-06-02 16:02:00,SK 스토아,1160
2026-06-02 16:02:10,SK 스토아,1130
2026-06-02 16:02:20,SK 스토아,1136
2026-06-02 16:02:30,SK 스토아,1135
2026-06-02 16:02:40,SK 스토아,1194
2026-06-02 16:02:50,SK 스토아,1196
2026-06-02 16:03:00,SK 스토아,1200
2026-06-02 16:03:10,SK 스토아,1189
2026-06-02 15:42:00,현대홈쇼핑,1030
2026-06-02 15:42:10,현대홈쇼핑,1031
2026-06-02 15:42:20,현대홈쇼핑,1039
2026-06-02 15:42:30,현대홈쇼핑,1031
2026-06-02 15:42:40,현대홈쇼핑,1016
2026-06-02 15:42:50,현대홈쇼핑,1047
2026-06-02 15:43:00,현대홈쇼핑,1046
2026-06-02 15:43:10,현대홈쇼핑,1044
2026-06-02 15:43:20,현대홈쇼핑,1021
2026-06-02 15:43:30,현대홈쇼핑,1016
2026-06-02 15:43:40,현대홈쇼핑,1012
2026-06-02 15:43:50,현대홈쇼핑,1008
2026-06-02 15:44:00,현대홈쇼핑,999
2026-06-02 15:44:10,현대홈쇼핑,973
2026-06-02 15:44:20,현대홈쇼핑,990
2026-06-02 15:44:30,현대홈쇼핑,989
2026-06-02 15:44:40,현대홈쇼핑,976
2026-06-02 15:44:50,현대홈쇼핑,958
2026-06-02 15:45:00,현대홈쇼핑,944
2026-06-02 15:45:10,현대홈쇼핑,951
2026-06-02 15:45:20,현대홈쇼핑,942
2026-06-02 15:45:30,현대홈쇼핑,953
2026-06-02 15:45:40,현대홈쇼핑,953
2026-06-02 15:45:50,현대홈쇼핑,944
2026-06-02 15:46:00,현대홈쇼핑,938
2026-06-02 15:46:10,현대홈쇼핑,923
2026-06-02 15:46:20,현대홈쇼핑,921
2026-06-02 15:46:30,현대홈쇼핑,924
2026-06-02 15:46:40,현대홈쇼핑,921
2026-06-02 15:46:50,현대홈쇼핑,935
2026-06-02 15:47:00,현대홈쇼핑,944
2026-06-02 15:47:10,현대홈쇼핑,932
2026-06-02 15:47:20,현대홈쇼핑,919
2026-06-02 15:47:30,현대홈쇼핑,909
2026-06-02 15:47:40,현대홈쇼핑,914
2026-06-02 15:47:50,현대홈쇼핑,935
2026-06-02 15:48:00,현대홈쇼핑,930
2026-06-02 15:48:10,현대홈쇼핑,951
2026-06-02 15:48:20,현대홈쇼핑,953
2026-06-02 15:48:30,현대홈쇼핑,918
2026-06-02 15:48:40,현대홈쇼핑,890
2026-06-02 15:48:50,현대홈쇼핑,877
2026-06-02 15:49:00,현대홈쇼핑,855
2026-06-02 15:49:10,현대홈쇼핑,849
2026-06-02 15:49:20,현대홈쇼핑,854
2026-06-02 15:49:30,현대홈쇼핑,853
2026-06-02 15:49:40,현대홈쇼핑,853
2026-06-02 15:49:50,현대홈쇼핑,852
2026-06-02 15:50:00,현대홈쇼핑,861
2026-06-02 15:50:10,현대홈쇼핑,874
2026-06-02 15:50:20,현대홈쇼핑,882
2026-06-02 15:50:30,현대홈쇼핑,878
2026-06-02 15:50:40,현대홈쇼핑,874
2026-06-02 15:50:50,현대홈쇼핑,894
2026-06-02 15:51:00,현대홈쇼핑,894
2026-06-02 15:51:10,현대홈쇼핑,904
2026-06-02 15:51:20,현대홈쇼핑,896
2026-06-02 15:51:30,현대홈쇼핑,893
2026-06-02 15:51:40,현대홈쇼핑,899
2026-06-02 15:51:50,현대홈쇼핑,928
2026-06-02 15:52:00,현대홈쇼핑,968
2026-06-02 15:52:10,현대홈쇼핑,1033
2026-06-02 15:52:20,현대홈쇼핑,1095
2026-06-02 15:52:30,현대홈쇼핑,1126
2026-06-02 15:52:40,현대홈쇼핑,1123
2026-06-02 15:52:50,현대홈쇼핑,1147
2026-06-02 15:53:00,현대홈쇼핑,1196
2026-06-02 15:53:10,현대홈쇼핑,1200
2026-06-02 15:53:20,현대홈쇼핑,1133
2026-06-02 15:53:30,현대홈쇼핑,1045
2026-06-02 15:53:40,현대홈쇼핑,929
2026-06-02 15:53:50,현대홈쇼핑,873
2026-06-02 15:54:00,현대홈쇼핑,867
2026-06-02 15:54:10,현대홈쇼핑,873
2026-06-02 15:54:20,현대홈쇼핑,858
2026-06-02 15:54:30,현대홈쇼핑,866
2026-06-02 15:54:40,현대홈쇼핑,862
2026-06-02 15:54:50,현대홈쇼핑,854
2026-06-02 15:55:00,현대홈쇼핑,854
2026-06-02 15:55:10,현대홈쇼핑,855
2026-06-02 15:55:20,현대홈쇼핑,866
2026-06-02 15:55:30,현대홈쇼핑,871
2026-06-02 15:55:40,현대홈쇼핑,866
2026-06-02 15:55:50,현대홈쇼핑,873
2026-06-02 15:56:00,현대홈쇼핑,880
2026-06-02 15:56:10,현대홈쇼핑,891
2026-06-02 15:56:20,현대홈쇼핑,880
2026-06-02 15:56:30,현대홈쇼핑,871
2026-06-02 15:56:40,현대홈쇼핑,867
2026-06-02 15:56:50,현대홈쇼핑,873
2026-06-02 15:57:00,현대홈쇼핑,865
2026-06-02 15:57:10,현대홈쇼핑,876
2026-06-02 15:57:20,현대홈쇼핑,883
2026-06-02 15:57:30,현대홈쇼핑,871
2026-06-02 15:57:40,현대홈쇼핑,884
2026-06-02 15:57:50,현대홈쇼핑,870
2026-06-02 15:58:00,현대홈쇼핑,866
2026-06-02 15:58:10,현대홈쇼핑,850
2026-06-02 15:58:20,현대홈쇼핑,850
2026-06-02 15:58:30,현대홈쇼핑,852
2026-06-02 15:58:40,현대홈쇼핑,834
2026-06-02 15:58:50,현대홈쇼핑,851
2026-06-02 15:59:00,현대홈쇼핑,840
2026-06-02 15:59:10,현대홈쇼핑,852
2026-06-02 15:59:20,현대홈쇼핑,860
2026-06-02 15:59:30,현대홈쇼핑,861
2026-06-02 15:59:40,현대홈쇼핑,860
2026-06-02 15:59:50,현대홈쇼핑,852
2026-06-02 16:00:00,현대홈쇼핑,845
2026-06-02 16:00:10,현대홈쇼핑,855
2026-06-02 16:00:20,현대홈쇼핑,857
2026-06-02 16:00:30,현대홈쇼핑,851
2026-06-02 16:00:40,현대홈쇼핑,849
2026-06-02 16:00:50,현대홈쇼핑,850
2026-06-02 16:01:00,현대홈쇼핑,850
2026-06-02 16:01:10,현대홈쇼핑,864
2026-06-02 16:01:20,현대홈쇼핑,877
2026-06-02 16:01:30,현대홈쇼핑,884
2026-06-02 16:01:40,현대홈쇼핑,889
2026-06-02 16:01:50,현대홈쇼핑,883
2026-06-02 16:02:00,현대홈쇼핑,877
2026-06-02 16:02:10,현대홈쇼핑,888
2026-06-02 16:02:20,현대홈쇼핑,889
2026-06-02 16:02:30,현대홈쇼핑,887
2026-06-02 16:02:40,현대홈쇼핑,887
2026-06-02 16:02:50,현대홈쇼핑,879
2026-06-02 16:03:00,현대홈쇼핑,878
2026-06-02 16:03:10,현대홈쇼핑,888
2026-06-02 15:42:00,KT알파 쇼핑,949
2026-06-02 15:42:10,KT알파 쇼핑,953
2026-06-02 15:42:20,KT알파 쇼핑,964
2026-06-02 15:42:30,KT알파 쇼핑,962
2026-06-02 15:42:40,KT알파 쇼핑,969
2026-06-02 15:42:50,KT알파 쇼핑,962
2026-06-02 15:43:00,KT알파 쇼핑,969
2026-06-02 15:43:10,KT알파 쇼핑,972
2026-06-02 15:43:20,KT알파 쇼핑,951
2026-06-02 15:43:30,KT알파 쇼핑,927
2026-06-02 15:43:40,KT알파 쇼핑,914
2026-06-02 15:43:50,KT알파 쇼핑,915
2026-06-02 15:44:00,KT알파 쇼핑,894
2026-06-02 15:44:10,KT알파 쇼핑,879
2026-06-02 15:44:20,KT알파 쇼핑,914
2026-06-02 15:44:30,KT알파 쇼핑,947
2026-06-02 15:44:40,KT알파 쇼핑,953
2026-06-02 15:44:50,KT알파 쇼핑,968
2026-06-02 15:45:00,KT알파 쇼핑,1018
2026-06-02 15:45:10,KT알파 쇼핑,1041
2026-06-02 15:45:20,KT알파 쇼핑,1030
2026-06-02 15:45:30,KT알파 쇼핑,1012
2026-06-02 15:45:40,KT알파 쇼핑,978
2026-06-02 15:45:50,KT알파 쇼핑,965
2026-06-02 15:46:00,KT알파 쇼핑,958
2026-06-02 15:46:10,KT알파 쇼핑,964
2026-06-02 15:46:20,KT알파 쇼핑,984
2026-06-02 15:46:30,KT알파 쇼핑,976
2026-06-02 15:46:40,KT알파 쇼핑,977
2026-06-02 15:46:50,KT알파 쇼핑,978
2026-06-02 15:47:00,KT알파 쇼핑,988
2026-06-02 15:47:10,KT알파 쇼핑,995
2026-06-02 15:47:20,KT알파 쇼핑,989
2026-06-02 15:47:30,KT알파 쇼핑,1001
2026-06-02 15:47:40,KT알파 쇼핑,1009
2026-06-02 15:47:50,KT알파 쇼핑,1021
2026-06-02 15:48:00,KT알파 쇼핑,1007
2026-06-02 15:48:10,KT알파 쇼핑,986
2026-06-02 15:48:20,KT알파 쇼핑,957
2026-06-02 15:48:30,KT알파 쇼핑,939
2026-06-02 15:48:40,KT알파 쇼핑,928
2026-06-02 15:48:50,KT알파 쇼핑,954
2026-06-02 15:49:00,KT알파 쇼핑,951
2026-06-02 15:49:10,KT알파 쇼핑,967
2026-06-02 15:49:20,KT알파 쇼핑,978
2026-06-02 15:49:30,KT알파 쇼핑,998
2026-06-02 15:49:40,KT알파 쇼핑,1003
2026-06-02 15:49:50,KT알파 쇼핑,1011
2026-06-02 15:50:00,KT알파 쇼핑,1038
2026-06-02 15:50:10,KT알파 쇼핑,1025
2026-06-02 15:50:20,KT알파 쇼핑,1040
2026-06-02 15:50:30,KT알파 쇼핑,1080
2026-06-02 15:50:40,KT알파 쇼핑,1137
2026-06-02 15:50:50,KT알파 쇼핑,1128
2026-06-02 15:51:00,KT알파 쇼핑,1061
2026-06-02 15:51:10,KT알파 쇼핑,978
2026-06-02 15:51:20,KT알파 쇼핑,944
2026-06-02 15:51:30,KT알파 쇼핑,945
2026-06-02 15:51:40,KT알파 쇼핑,933
2026-06-02 15:51:50,KT알파 쇼핑,947
2026-06-02 15:52:00,KT알파 쇼핑,952
2026-06-02 15:52:10,KT알파 쇼핑,966
2026-06-02 15:52:20,KT알파 쇼핑,969
2026-06-02 15:52:30,KT알파 쇼핑,960
2026-06-02 15:52:40,KT알파 쇼핑,951
2026-06-02 15:52:50,KT알파 쇼핑,955
2026-06-02 15:53:00,KT알파 쇼핑,958
2026-06-02 15:53:10,KT알파 쇼핑,971
2026-06-02 15:53:20,KT알파 쇼핑,975
2026-06-02 15:53:30,KT알파 쇼핑,962
2026-06-02 15:53:40,KT알파 쇼핑,965
2026-06-02 15:53:50,KT알파 쇼핑,984
2026-06-02 15:54:00,KT알파 쇼핑,993
2026-06-02 15:54:10,KT알파 쇼핑,994
2026-06-02 15:54:20,KT알파 쇼핑,977
2026-06-02 15:54:30,KT알파 쇼핑,982
2026-06-02 15:54:40,KT알파 쇼핑,1002
2026-06-02 15:54:50,KT알파 쇼핑,1017
2026-06-02 15:55:00,KT알파 쇼핑,1002
2026-06-02 15:55:10,KT알파 쇼핑,936
2026-06-02 15:55:20,KT알파 쇼핑,930
2026-06-02 15:55:30,KT알파 쇼핑,943
2026-06-02 15:55:40,KT알파 쇼핑,951
2026-06-02 15:55:50,KT알파 쇼핑,960
2026-06-02 15:56:00,KT알파 쇼핑,964
2026-06-02 15:56:10,KT알파 쇼핑,966
2026-06-02 15:56:20,KT알파 쇼핑,983
2026-06-02 15:56:30,KT알파 쇼핑,1002
2026-06-02 15:56:40,KT알파 쇼핑,1013
2026-06-02 15:56:50,KT알파 쇼핑,993
2026-06-02 15:57:00,KT알파 쇼핑,1000
2026-06-02 15:57:10,KT알파 쇼핑,998
2026-06-02 15:57:20,KT알파 쇼핑,1023
2026-06-02 15:57:30,KT알파 쇼핑,1021
2026-06-02 15:57:40,KT알파 쇼핑,1037
2026-06-02 15:57:50,KT알파 쇼핑,1034
2026-06-02 15:58:00,KT알파 쇼핑,1037
2026-06-02 15:58:10,KT알파 쇼핑,1037
2026-06-02 15:58:20,KT알파 쇼핑,1026
2026-06-02 15:58:30,KT알파 쇼핑,1002
2026-06-02 15:58:40,KT알파 쇼핑,1009
2026-06-02 15:58:50,KT알파 쇼핑,1020
2026-06-02 15:59:00,KT알파 쇼핑,1052
2026-06-02 15:59:10,KT알파 쇼핑,1069
2026-06-02 15:59:20,KT알파 쇼핑,1082
2026-06-02 15:59:30,KT알파 쇼핑,1097
2026-06-02 15:59:40,KT알파 쇼핑,1094
2026-06-02 15:59:50,KT알파 쇼핑,1099
2026-06-02 16:00:00,KT알파 쇼핑,1135
2026-06-02 16:00:10,KT알파 쇼핑,1142
2026-06-02 16:00:20,KT알파 쇼핑,1157
2026-06-02 16:00:30,KT알파 쇼핑,1187
2026-06-02 16:00:40,KT알파 쇼핑,1215
2026-06-02 16:00:50,KT알파 쇼핑,1302
2026-06-02 16:01:00,KT알파 쇼핑,1408
2026-06-02 16:01:10,KT알파 쇼핑,1296
2026-06-02 16:01:20,KT알파 쇼핑,1133
2026-06-02 16:01:30,KT알파 쇼핑,1075
2026-06-02 16:01:40,KT알파 쇼핑,1056
2026-06-02 16:01:50,KT알파 쇼핑,1026
2026-06-02 16:02:00,KT알파 쇼핑,1015
2026-06-02 16:02:10,KT알파 쇼핑,995
2026-06-02 16:02:20,KT알파 쇼핑,997
2026-06-02 16:02:30,KT알파 쇼핑,983
2026-06-02 16:02:40,KT알파 쇼핑,960
2026-06-02 16:02:50,KT알파 쇼핑,929
2026-06-02 16:03:00,KT알파 쇼핑,933
2026-06-02 16:03:10,KT알파 쇼핑,934
2026-06-02 15:42:00,NS Shop+,767
2026-06-02 15:42:10,NS Shop+,781
2026-06-02 15:42:20,NS Shop+,778
2026-06-02 15:42:30,NS Shop+,791
2026-06-02 15:42:40,NS Shop+,797
2026-06-02 15:42:50,NS Shop+,820
2026-06-02 15:43:00,NS Shop+,825
2026-06-02 15:43:10,NS Shop+,814
2026-06-02 15:43:20,NS Shop+,811
2026-06-02 15:43:30,NS Shop+,832
2026-06-02 15:43:40,NS Shop+,823
2026-06-02 15:43:50,NS Shop+,800
2026-06-02 15:44:00,NS Shop+,813
2026-06-02 15:44:10,NS Shop+,809
2026-06-02 15:44:20,NS Shop+,830
2026-06-02 15:44:30,NS Shop+,850
2026-06-02 15:44:40,NS Shop+,848
2026-06-02 15:44:50,NS Shop+,817
2026-06-02 15:45:00,NS Shop+,827
2026-06-02 15:45:10,NS Shop+,838
2026-06-02 15:45:20,NS Shop+,850
2026-06-02 15:45:30,NS Shop+,849
2026-06-02 15:45:40,NS Shop+,866
2026-06-02 15:45:50,NS Shop+,869
2026-06-02 15:46:00,NS Shop+,881
2026-06-02 15:46:10,NS Shop+,909
2026-06-02 15:46:20,NS Shop+,909
2026-06-02 15:46:30,NS Shop+,887
2026-06-02 15:46:40,NS Shop+,869
2026-06-02 15:46:50,NS Shop+,874
2026-06-02 15:47:00,NS Shop+,891
2026-06-02 15:47:10,NS Shop+,879
2026-06-02 15:47:20,NS Shop+,878
2026-06-02 15:47:30,NS Shop+,890
2026-06-02 15:47:40,NS Shop+,909
2026-06-02 15:47:50,NS Shop+,909
2026-06-02 15:48:00,NS Shop+,919
2026-06-02 15:48:10,NS Shop+,927
2026-06-02 15:48:20,NS Shop+,934
2026-06-02 15:48:30,NS Shop+,934
2026-06-02 15:48:40,NS Shop+,955
2026-06-02 15:48:50,NS Shop+,970
2026-06-02 15:49:00,NS Shop+,1012
2026-06-02 15:49:10,NS Shop+,1007
2026-06-02 15:49:20,NS Shop+,978
2026-06-02 15:49:30,NS Shop+,943
2026-06-02 15:49:40,NS Shop+,916
2026-06-02 15:49:50,NS Shop+,884
2026-06-02 15:50:00,NS Shop+,863
2026-06-02 15:50:10,NS Shop+,864
2026-06-02 15:50:20,NS Shop+,858
2026-06-02 15:50:30,NS Shop+,862
2026-06-02 15:50:40,NS Shop+,854
2026-06-02 15:50:50,NS Shop+,860
2026-06-02 15:51:00,NS Shop+,884
2026-06-02 15:51:10,NS Shop+,880
2026-06-02 15:51:20,NS Shop+,915
2026-06-02 15:51:30,NS Shop+,934
2026-06-02 15:51:40,NS Shop+,962
2026-06-02 15:51:50,NS Shop+,966
2026-06-02 15:52:00,NS Shop+,955
2026-06-02 15:52:10,NS Shop+,944
2026-06-02 15:52:20,NS Shop+,969
2026-06-02 15:52:30,NS Shop+,997
2026-06-02 15:52:40,NS Shop+,1021
2026-06-02 15:52:50,NS Shop+,1022
2026-06-02 15:53:00,NS Shop+,986
2026-06-02 15:53:10,NS Shop+,939
2026-06-02 15:53:20,NS Shop+,929
2026-06-02 15:53:30,NS Shop+,933
2026-06-02 15:53:40,NS Shop+,948
2026-06-02 15:53:50,NS Shop+,939
2026-06-02 15:54:00,NS Shop+,905
2026-06-02 15:54:10,NS Shop+,898
2026-06-02 15:54:20,NS Shop+,890
2026-06-02 15:54:30,NS Shop+,903
2026-06-02 15:54:40,NS Shop+,938
2026-06-02 15:54:50,NS Shop+,979
2026-06-02 15:55:00,NS Shop+,1037
2026-06-02 15:55:10,NS Shop+,1106
2026-06-02 15:55:20,NS Shop+,1127
2026-06-02 15:55:30,NS Shop+,1126
2026-06-02 15:55:40,NS Shop+,1143
2026-06-02 15:55:50,NS Shop+,1222
2026-06-02 15:56:00,NS Shop+,1240
2026-06-02 15:56:10,NS Shop+,1173
2026-06-02 15:56:20,NS Shop+,1065
2026-06-02 15:56:30,NS Shop+,1004
2026-06-02 15:56:40,NS Shop+,963
2026-06-02 15:56:50,NS Shop+,975
2026-06-02 15:57:00,NS Shop+,958
2026-06-02 15:57:10,NS Shop+,943
2026-06-02 15:57:20,NS Shop+,934
2026-06-02 15:57:30,NS Shop+,945
2026-06-02 15:57:40,NS Shop+,951
2026-06-02 15:57:50,NS Shop+,944
2026-06-02 15:58:00,NS Shop+,951
2026-06-02 15:58:10,NS Shop+,982
2026-06-02 15:58:20,NS Shop+,999
2026-06-02 15:58:30,NS Shop+,1012
2026-06-02 15:58:40,NS Shop+,1026
2026-06-02 15:58:50,NS Shop+,1100
2026-06-02 15:59:00,NS Shop+,1116
2026-06-02 15:59:10,NS Shop+,1083
2026-06-02 15:59:20,NS Shop+,1013
2026-06-02 15:59:30,NS Shop+,939
2026-06-02 15:59:40,NS Shop+,926
2026-06-02 15:59:50,NS Shop+,941
2026-06-02 16:00:00,NS Shop+,931
2026-06-02 16:00:10,NS Shop+,932
2026-06-02 16:00:20,NS Shop+,915
2026-06-02 16:00:30,NS Shop+,891
2026-06-02 16:00:40,NS Shop+,878
2026-06-02 16:00:50,NS Shop+,882
2026-06-02 16:01:00,NS Shop+,891
2026-06-02 16:01:10,NS Shop+,892
2026-06-02 16:01:20,NS Shop+,892
2026-06-02 16:01:30,NS Shop+,905
2026-06-02 16:01:40,NS Shop+,919
2026-06-02 16:01:50,NS Shop+,934
2026-06-02 16:02:00,NS Shop+,946
2026-06-02 16:02:10,NS Shop+,947
2026-06-02 16:02:20,NS Shop+,951
2026-06-02 16:02:30,NS Shop+,1006
2026-06-02 16:02:40,NS Shop+,1072
2026-06-02 16:02:50,NS Shop+,1145
2026-06-02 16:03:00,NS Shop+,1055
2026-06-02 16:03:10,NS Shop+,901
2026-06-02 15:42:00,쇼핑엔티,734
2026-06-02 15:42:10,쇼핑엔티,704
2026-06-02 15:42:20,쇼핑엔티,668
2026-06-02 15:42:30,쇼핑엔티,672
2026-06-02 15:42:40,쇼핑엔티,669
2026-06-02 15:42:50,쇼핑엔티,658
2026-06-02 15:43:00,쇼핑엔티,636
2026-06-02 15:43:10,쇼핑엔티,627
2026-06-02 15:43:20,쇼핑엔티,626
2026-06-02 15:43:30,쇼핑엔티,638
2026-06-02 15:43:40,쇼핑엔티,630
2026-06-02 15:43:50,쇼핑엔티,636
2026-06-02 15:44:00,쇼핑엔티,626
2026-06-02 15:44:10,쇼핑엔티,621
2026-06-02 15:44:20,쇼핑엔티,621
2026-06-02 15:44:30,쇼핑엔티,635
2026-06-02 15:44:40,쇼핑엔티,649
2026-06-02 15:44:50,쇼핑엔티,672
2026-06-02 15:45:00,쇼핑엔티,671
2026-06-02 15:45:10,쇼핑엔티,659
2026-06-02 15:45:20,쇼핑엔티,680
2026-06-02 15:45:30,쇼핑엔티,707
2026-06-02 15:45:40,쇼핑엔티,693
2026-06-02 15:45:50,쇼핑엔티,676
2026-06-02 15:46:00,쇼핑엔티,654
2026-06-02 15:46:10,쇼핑엔티,653
2026-06-02 15:46:20,쇼핑엔티,654
2026-06-02 15:46:30,쇼핑엔티,663
2026-06-02 15:46:40,쇼핑엔티,679
2026-06-02 15:46:50,쇼핑엔티,689
2026-06-02 15:47:00,쇼핑엔티,665
2026-06-02 15:47:10,쇼핑엔티,606
2026-06-02 15:47:20,쇼핑엔티,566
2026-06-02 15:47:30,쇼핑엔티,549
2026-06-02 15:47:40,쇼핑엔티,560
2026-06-02 15:47:50,쇼핑엔티,545
2026-06-02 15:48:00,쇼핑엔티,520
2026-06-02 15:48:10,쇼핑엔티,499
2026-06-02 15:48:20,쇼핑엔티,493
2026-06-02 15:48:30,쇼핑엔티,496
2026-06-02 15:48:40,쇼핑엔티,495
2026-06-02 15:48:50,쇼핑엔티,484
2026-06-02 15:49:00,쇼핑엔티,501
2026-06-02 15:49:10,쇼핑엔티,501
2026-06-02 15:49:20,쇼핑엔티,491
2026-06-02 15:49:30,쇼핑엔티,487
2026-06-02 15:49:40,쇼핑엔티,483
2026-06-02 15:49:50,쇼핑엔티,485
2026-06-02 15:50:00,쇼핑엔티,481
2026-06-02 15:50:10,쇼핑엔티,485
2026-06-02 15:50:20,쇼핑엔티,473
2026-06-02 15:50:30,쇼핑엔티,476
2026-06-02 15:50:40,쇼핑엔티,476
2026-06-02 15:50:50,쇼핑엔티,482
2026-06-02 15:51:00,쇼핑엔티,484
2026-06-02 15:51:10,쇼핑엔티,492
2026-06-02 15:51:20,쇼핑엔티,498
2026-06-02 15:51:30,쇼핑엔티,505
2026-06-02 15:51:40,쇼핑엔티,508
2026-06-02 15:51:50,쇼핑엔티,507
2026-06-02 15:52:00,쇼핑엔티,513
2026-06-02 15:52:10,쇼핑엔티,533
2026-06-02 15:52:20,쇼핑엔티,533
2026-06-02 15:52:30,쇼핑엔티,534
2026-06-02 15:52:40,쇼핑엔티,542
2026-06-02 15:52:50,쇼핑엔티,555
2026-06-02 15:53:00,쇼핑엔티,569
2026-06-02 15:53:10,쇼핑엔티,581
2026-06-02 15:53:20,쇼핑엔티,589
2026-06-02 15:53:30,쇼핑엔티,591
2026-06-02 15:53:40,쇼핑엔티,597
2026-06-02 15:53:50,쇼핑엔티,593
2026-06-02 15:54:00,쇼핑엔티,592
2026-06-02 15:54:10,쇼핑엔티,593
2026-06-02 15:54:20,쇼핑엔티,602
2026-06-02 15:54:30,쇼핑엔티,607
2026-06-02 15:54:40,쇼핑엔티,594
2026-06-02 15:54:50,쇼핑엔티,579
2026-06-02 15:55:00,쇼핑엔티,586
2026-06-02 15:55:10,쇼핑엔티,597
2026-06-02 15:55:20,쇼핑엔티,591
2026-06-02 15:55:30,쇼핑엔티,586
2026-06-02 15:55:40,쇼핑엔티,586
2026-06-02 15:55:50,쇼핑엔티,593
2026-06-02 15:56:00,쇼핑엔티,588
2026-06-02 15:56:10,쇼핑엔티,591
2026-06-02 15:56:20,쇼핑엔티,600
2026-06-02 15:56:30,쇼핑엔티,595
2026-06-02 15:56:40,쇼핑엔티,586
2026-06-02 15:56:50,쇼핑엔티,582
2026-06-02 15:57:00,쇼핑엔티,566
2026-06-02 15:57:10,쇼핑엔티,566
2026-06-02 15:57:20,쇼핑엔티,584
2026-06-02 15:57:30,쇼핑엔티,568
2026-06-02 15:57:40,쇼핑엔티,546
2026-06-02 15:57:50,쇼핑엔티,551
2026-06-02 15:58:00,쇼핑엔티,542
2026-06-02 15:58:10,쇼핑엔티,539
2026-06-02 15:58:20,쇼핑엔티,546
2026-06-02 15:58:30,쇼핑엔티,563
2026-06-02 15:58:40,쇼핑엔티,553
2026-06-02 15:58:50,쇼핑엔티,545
2026-06-02 15:59:00,쇼핑엔티,535
2026-06-02 15:59:10,쇼핑엔티,540
2026-06-02 15:59:20,쇼핑엔티,539
2026-06-02 15:59:30,쇼핑엔티,549
2026-06-02 15:59:40,쇼핑엔티,560
2026-06-02 15:59:50,쇼핑엔티,573
2026-06-02 16:00:00,쇼핑엔티,569
2026-06-02 16:00:10,쇼핑엔티,557
2026-06-02 16:00:20,쇼핑엔티,547
2026-06-02 16:00:30,쇼핑엔티,544
2026-06-02 16:00:40,쇼핑엔티,541
2026-06-02 16:00:50,쇼핑엔티,547
2026-06-02 16:01:00,쇼핑엔티,554
2026-06-02 16:01:10,쇼핑엔티,546
2026-06-02 16:01:20,쇼핑엔티,549
2026-06-02 16:01:30,쇼핑엔티,557
2026-06-02 16:01:40,쇼핑엔티,581
2026-06-02 16:01:50,쇼핑엔티,604
2026-06-02 16:02:00,쇼핑엔티,615
2026-06-02 16:02:10,쇼핑엔티,643
2026-06-02 16:02:20,쇼핑엔티,668
2026-06-02 16:02:30,쇼핑엔티,650
2026-06-02 16:02:40,쇼핑엔티,644
2026-06-02 16:02:50,쇼핑엔티,618
2026-06-02 16:03:00,쇼핑엔티,605
2026-06-02 16:03:10,쇼핑엔티,617
2026-06-02 15:42:00,LOTTE OneTV,263
2026-06-02 15:42:10,LOTTE OneTV,257
2026-06-02 15:42:20,LOTTE OneTV,219
2026-06-02 15:42:30,LOTTE OneTV,225
2026-06-02 15:42:40,LOTTE OneTV,240
2026-06-02 15:42:50,LOTTE OneTV,231
2026-06-02 15:43:00,LOTTE OneTV,211
2026-06-02 15:43:10,LOTTE OneTV,199
2026-06-02 15:43:20,LOTTE OneTV,195
2026-06-02 15:43:30,LOTTE OneTV,194
2026-06-02 15:43:40,LOTTE OneTV,192
2026-06-02 15:43:50,LOTTE OneTV,191
2026-06-02 15:44:00,LOTTE OneTV,197
2026-06-02 15:44:10,LOTTE OneTV,196
2026-06-02 15:44:20,LOTTE OneTV,197
2026-06-02 15:44:30,LOTTE OneTV,194
2026-06-02 15:44:40,LOTTE OneTV,194
2026-06-02 15:44:50,LOTTE OneTV,196
2026-06-02 15:45:00,LOTTE OneTV,201
2026-06-02 15:45:10,LOTTE OneTV,197
2026-06-02 15:45:20,LOTTE OneTV,196
2026-06-02 15:45:30,LOTTE OneTV,201
2026-06-02 15:45:40,LOTTE OneTV,205
2026-06-02 15:45:50,LOTTE OneTV,209
2026-06-02 15:46:00,LOTTE OneTV,220
2026-06-02 15:46:10,LOTTE OneTV,224
2026-06-02 15:46:20,LOTTE OneTV,227
2026-06-02 15:46:30,LOTTE OneTV,219
2026-06-02 15:46:40,LOTTE OneTV,207
2026-06-02 15:46:50,LOTTE OneTV,199
2026-06-02 15:47:00,LOTTE OneTV,199
2026-06-02 15:47:10,LOTTE OneTV,201
2026-06-02 15:47:20,LOTTE OneTV,197
2026-06-02 15:47:30,LOTTE OneTV,200
2026-06-02 15:47:40,LOTTE OneTV,193
2026-06-02 15:47:50,LOTTE OneTV,196
2026-06-02 15:48:00,LOTTE OneTV,195
2026-06-02 15:48:10,LOTTE OneTV,191
2026-06-02 15:48:20,LOTTE OneTV,185
2026-06-02 15:48:30,LOTTE OneTV,183
2026-06-02 15:48:40,LOTTE OneTV,174
2026-06-02 15:48:50,LOTTE OneTV,173
2026-06-02 15:49:00,LOTTE OneTV,175
2026-06-02 15:49:10,LOTTE OneTV,179
2026-06-02 15:49:20,LOTTE OneTV,179
2026-06-02 15:49:30,LOTTE OneTV,179
2026-06-02 15:49:40,LOTTE OneTV,177
2026-06-02 15:49:50,LOTTE OneTV,189
2026-06-02 15:50:00,LOTTE OneTV,186
2026-06-02 15:50:10,LOTTE OneTV,188
2026-06-02 15:50:20,LOTTE OneTV,180
2026-06-02 15:50:30,LOTTE OneTV,178
2026-06-02 15:50:40,LOTTE OneTV,183
2026-06-02 15:50:50,LOTTE OneTV,187
2026-06-02 15:51:00,LOTTE OneTV,193
2026-06-02 15:51:10,LOTTE OneTV,190
2026-06-02 15:51:20,LOTTE OneTV,191
2026-06-02 15:51:30,LOTTE OneTV,187
2026-06-02 15:51:40,LOTTE OneTV,183
2026-06-02 15:51:50,LOTTE OneTV,187
2026-06-02 15:52:00,LOTTE OneTV,194
2026-06-02 15:52:10,LOTTE OneTV,191
2026-06-02 15:52:20,LOTTE OneTV,194
2026-06-02 15:52:30,LOTTE OneTV,194
2026-06-02 15:52:40,LOTTE OneTV,192
2026-06-02 15:52:50,LOTTE OneTV,192
2026-06-02 15:53:00,LOTTE OneTV,198
2026-06-02 15:53:10,LOTTE OneTV,198
2026-06-02 15:53:20,LOTTE OneTV,192
2026-06-02 15:53:30,LOTTE OneTV,197
2026-06-02 15:53:40,LOTTE OneTV,201
2026-06-02 15:53:50,LOTTE OneTV,197
2026-06-02 15:54:00,LOTTE OneTV,200
2026-06-02 15:54:10,LOTTE OneTV,203
2026-06-02 15:54:20,LOTTE OneTV,204
2026-06-02 15:54:30,LOTTE OneTV,196
2026-06-02 15:54:40,LOTTE OneTV,198
2026-06-02 15:54:50,LOTTE OneTV,201
2026-06-02 15:55:00,LOTTE OneTV,196
2026-06-02 15:55:10,LOTTE OneTV,188
2026-06-02 15:55:20,LOTTE OneTV,182
2026-06-02 15:55:30,LOTTE OneTV,187
2026-06-02 15:55:40,LOTTE OneTV,185
2026-06-02 15:55:50,LOTTE OneTV,187
2026-06-02 15:56:00,LOTTE OneTV,188
2026-06-02 15:56:10,LOTTE OneTV,190
2026-06-02 15:56:20,LOTTE OneTV,194
2026-06-02 15:56:30,LOTTE OneTV,201
2026-06-02 15:56:40,LOTTE OneTV,200
2026-06-02 15:56:50,LOTTE OneTV,198
2026-06-02 15:57:00,LOTTE OneTV,207
2026-06-02 15:57:10,LOTTE OneTV,213
2026-06-02 15:57:20,LOTTE OneTV,212
2026-06-02 15:57:30,LOTTE OneTV,216
2026-06-02 15:57:40,LOTTE OneTV,216
2026-06-02 15:57:50,LOTTE OneTV,216
2026-06-02 15:58:00,LOTTE OneTV,216
2026-06-02 15:58:10,LOTTE OneTV,217
2026-06-02 15:58:20,LOTTE OneTV,217
2026-06-02 15:58:30,LOTTE OneTV,208
2026-06-02 15:58:40,LOTTE OneTV,204
2026-06-02 15:58:50,LOTTE OneTV,203
2026-06-02 15:59:00,LOTTE OneTV,198
2026-06-02 15:59:10,LOTTE OneTV,198
2026-06-02 15:59:20,LOTTE OneTV,202
2026-06-02 15:59:30,LOTTE OneTV,202
2026-06-02 15:59:40,LOTTE OneTV,204
2026-06-02 15:59:50,LOTTE OneTV,198
2026-06-02 16:00:00,LOTTE OneTV,202
2026-06-02 16:00:10,LOTTE OneTV,196
2026-06-02 16:00:20,LOTTE OneTV,193
2026-06-02 16:00:30,LOTTE OneTV,190
2026-06-02 16:00:40,LOTTE OneTV,194
2026-06-02 16:00:50,LOTTE OneTV,200
2026-06-02 16:01:00,LOTTE OneTV,200
2026-06-02 16:01:10,LOTTE OneTV,202
2026-06-02 16:01:20,LOTTE OneTV,197
2026-06-02 16:01:30,LOTTE OneTV,192
2026-06-02 16:01:40,LOTTE OneTV,190
2026-06-02 16:01:50,LOTTE OneTV,189
2026-06-02 16:02:00,LOTTE OneTV,191
2026-06-02 16:02:10,LOTTE OneTV,189
2026-06-02 16:02:20,LOTTE OneTV,190
2026-06-02 16:02:30,LOTTE OneTV,187
2026-06-02 16:02:40,LOTTE OneTV,193
2026-06-02 16:02:50,LOTTE OneTV,194
2026-06-02 16:03:00,LOTTE OneTV,198
2026-06-02 16:03:10,LOTTE OneTV,202
